============================================================
EPLAN Scraper LITE
============================================================

📄 URL для загрузки: 2007
✓ Уже загружено: 0

[1/2007] https://www.eplan.help/ru-ru/Infoportal/Content/Plattform/20
  ❌ Ошибка загрузки

[2/2007] https://www.eplan.help/ru-ru/Infoportal/Content/Plattform/20
  ❌ Ошибка загрузки

[3/2007] https://www.eplan.help/ru-ru/Infoportal/Content/Plattform/20
  ❌ Ошибка загрузки

[4/2007] https://www.eplan.help/ru-ru/Infoportal/Content/Plattform/20
  ❌ Ошибка загрузки

[5/2007] https://www.eplan.help/ru-ru/Infoportal/Content/Plattform/20
  ❌ Ошибка загрузки

[6/2007] https://www.eplan.help/ru-ru/Infoportal/Content/Plattform/20
  ❌ Ошибка загрузки

[7/2007] https://www.eplan.help/ru-ru/Infoportal/Content/Plattform/20
  ❌ Ошибка загрузки

[8/2007] https://www.eplan.help/ru-ru/Infoportal/Content/Plattform/20
  ❌ Ошибка загрузки

[9/2007] https://www.eplan.help/ru-ru/Infoportal/Content/Plattform/20
  ❌ Ошибка загрузки

[10/2007] https://www.eplan.help/ru-ru/Infoportal/Content/Plattform/20
  ❌ Ошибка загрузки

[11/2007] https://www.eplan.help/ru-ru/Infoportal/Content/Plattform/20
  ❌ Ошибка загрузки

[12/2007] https://www.eplan.help/ru-ru/Infoportal/Content/Plattform/20
  ❌ Ошибка загрузки

[13/2007] https://www.eplan.help/ru-ru/Infoportal/Content/Plattform/20
  ❌ Ошибка загрузки

[14/2007] https://www.eplan.help/ru-ru/Infoportal/Content/Plattform/20
  ❌ Ошибка загрузки

[15/2007] https://www.eplan.help/ru-ru/Infoportal/Content/Plattform/20
  ❌ Ошибка загрузки

[16/2007] https://www.eplan.help/ru-ru/Infoportal/Content/Plattform/20
  ❌ Ошибка загрузки

[17/2007] https://www.eplan.help/ru-ru/Infoportal/Content/Plattform/20
  ❌ Ошибка загрузки

[18/2007] https://www.eplan.help/ru-ru/Infoportal/Content/Plattform/20
  ❌ Ошибка загрузки

[19/2007] https://www.eplan.help/ru-ru/Infoportal/Content/Plattform/20
  ❌ Ошибка загрузки

[20/2007] https://www.eplan.help/ru-ru/Infoportal/Content/Plattform/20
  ❌ Ошибка загрузки

[21/2007] https://www.eplan.help/ru-ru/Infoportal/Content/Plattform/20
  ❌ Ошибка загрузки

[22/2007] https://www.eplan.help/ru-ru/Infoportal/Content/Plattform/20
  ❌ Ошибка загрузки

[23/2007] https://www.eplan.help/ru-ru/Infoportal/Content/Plattform/20
  ❌ Ошибка загрузки

[24/2007] https://www.eplan.help/ru-ru/Infoportal/Content/Plattform/20
  ❌ Ошибка загрузки

[25/2007] https://www.eplan.help/ru-ru/Infoportal/Content/Plattform/20
  ❌ Ошибка загрузки

[26/2007] https://www.eplan.help/ru-ru/Infoportal/Content/Plattform/20
  ❌ Ошибка загрузки

[27/2007] https://www.eplan.help/ru-ru/Infoportal/Content/Plattform/20
  ❌ Ошибка загрузки

[28/2007] https://www.eplan.help/ru-ru/Infoportal/Content/Plattform/20
  ❌ Ошибка загрузки

[29/2007] https://www.eplan.help/ru-ru/Infoportal/Content/Plattform/20
  ❌ Ошибка загрузки

[30/2007] https://www.eplan.help/ru-ru/Infoportal/Content/Plattform/20
  ❌ Ошибка загрузки

[31/2007] https://www.eplan.help/ru-ru/Infoportal/Content/Plattform/20
  ❌ Ошибка загрузки

[32/2007] https://www.eplan.help/ru-ru/Infoportal/Content/Plattform/20
  ❌ Ошибка загрузки

[33/2007] https://www.eplan.help/ru-ru/Infoportal/Content/Plattform/20
  ❌ Ошибка загрузки

[34/2007] https://www.eplan.help/ru-ru/Infoportal/Content/Plattform/20
  ❌ Ошибка загрузки

[35/2007] https://www.eplan.help/ru-ru/Infoportal/Content/Plattform/20
  ❌ Ошибка загрузки

[36/2007] https://www.eplan.help/ru-ru/Infoportal/Content/Plattform/20
  ❌ Ошибка загрузки

[37/2007] https://www.eplan.help/ru-ru/Infoportal/Content/Plattform/20
  ❌ Ошибка загрузки

[38/2007] https://www.eplan.help/ru-ru/Infoportal/Content/Plattform/20
  ❌ Ошибка загрузки

[39/2007] https://www.eplan.help/ru-ru/Infoportal/Content/Plattform/20
  ❌ Ошибка загрузки

[40/2007] https://www.eplan.help/ru-ru/Infoportal/Content/Plattform/20
  ❌ Ошибка загрузки

[41/2007] https://www.eplan.help/ru-ru/Infoportal/Content/Plattform/20
  ❌ Ошибка загрузки

[42/2007] https://www.eplan.help/ru-ru/Infoportal/Content/Plattform/20
  ❌ Ошибка загрузки

[43/2007] https://www.eplan.help/ru-ru/Infoportal/Content/Plattform/20
  ❌ Ошибка загрузки

[44/2007] https://www.eplan.help/ru-ru/Infoportal/Content/Plattform/20
  ❌ Ошибка загрузки

[45/2007] https://www.eplan.help/ru-ru/Infoportal/Content/Plattform/20
  ❌ Ошибка загрузки

[46/2007] https://www.eplan.help/ru-ru/Infoportal/Content/Plattform/20
  ❌ Ошибка загрузки

[47/2007] https://www.eplan.help/ru-ru/Infoportal/Content/Plattform/20
  ❌ Ошибка загрузки

[48/2007] https://www.eplan.help/ru-ru/Infoportal/Content/Plattform/20
  ❌ Ошибка загрузки

[49/2007] https://www.eplan.help/ru-ru/Infoportal/Content/Plattform/20
  ❌ Ошибка загрузки

[50/2007] https://www.eplan.help/ru-ru/Infoportal/Content/Plattform/20
  ❌ Ошибка загрузки

[51/2007] https://www.eplan.help/ru-ru/Infoportal/Content/Plattform/20
  ❌ Ошибка загрузки

[52/2007] https://www.eplan.help/ru-ru/Infoportal/Content/Plattform/20
  ❌ Ошибка загрузки

[53/2007] https://www.eplan.help/ru-ru/Infoportal/Content/Plattform/20
  ❌ Ошибка загрузки

[54/2007] https://www.eplan.help/ru-ru/Infoportal/Content/Plattform/20
  ❌ Ошибка загрузки

[55/2007] https://www.eplan.help/ru-ru/Infoportal/Content/Plattform/20
  ❌ Ошибка загрузки

[56/2007] https://www.eplan.help/ru-ru/Infoportal/Content/Plattform/20
  ❌ Ошибка загрузки

[57/2007] https://www.eplan.help/ru-ru/Infoportal/Content/Plattform/20
  ❌ Ошибка загрузки

[58/2007] https://www.eplan.help/ru-ru/Infoportal/Content/Plattform/20
  ❌ Ошибка загрузки

[59/2007] https://www.eplan.help/ru-ru/Infoportal/Content/Plattform/20
  ❌ Ошибка загрузки

[60/2007] https://www.eplan.help/ru-ru/Infoportal/Content/Plattform/20
  ❌ Ошибка загрузки

[61/2007] https://www.eplan.help/ru-ru/Infoportal/Content/Plattform/20
  ❌ Ошибка загрузки

[62/2007] https://www.eplan.help/ru-ru/Infoportal/Content/Plattform/20
  ❌ Ошибка загрузки

[63/2007] https://www.eplan.help/ru-ru/Infoportal/Content/Plattform/20
  ❌ Ошибка загрузки

[64/2007] https://www.eplan.help/ru-ru/Infoportal/Content/Plattform/20
  ❌ Ошибка загрузки

[65/2007] https://www.eplan.help/ru-ru/Infoportal/Content/Plattform/20
  ❌ Ошибка загрузки

[66/2007] https://www.eplan.help/ru-ru/Infoportal/Content/Plattform/20
  ❌ Ошибка загрузки

[67/2007] https://www.eplan.help/ru-ru/Infoportal/Content/Plattform/20
  ❌ Ошибка загрузки

[68/2007] https://www.eplan.help/ru-ru/Infoportal/Content/Plattform/20
  ❌ Ошибка загрузки

[69/2007] https://www.eplan.help/ru-ru/Infoportal/Content/Plattform/20
  ❌ Ошибка загрузки

[70/2007] https://www.eplan.help/ru-ru/Infoportal/Content/Plattform/20
  ❌ Ошибка загрузки

[71/2007] https://www.eplan.help/ru-ru/Infoportal/Content/Plattform/20
  ❌ Ошибка загрузки

[72/2007] https://www.eplan.help/ru-ru/Infoportal/Content/Plattform/20
  ❌ Ошибка загрузки

[73/2007] https://www.eplan.help/ru-ru/Infoportal/Content/Plattform/20
  ❌ Ошибка загрузки

[74/2007] https://www.eplan.help/ru-ru/Infoportal/Content/Plattform/20
  ❌ Ошибка загрузки

[75/2007] https://www.eplan.help/ru-ru/Infoportal/Content/Plattform/20
  ❌ Ошибка загрузки

[76/2007] https://www.eplan.help/ru-ru/Infoportal/Content/Plattform/20
  ❌ Ошибка загрузки

[77/2007] https://www.eplan.help/ru-ru/Infoportal/Content/Plattform/20
  ❌ Ошибка загрузки

[78/2007] https://www.eplan.help/ru-ru/Infoportal/Content/Plattform/20
  ❌ Ошибка загрузки

[79/2007] https://www.eplan.help/ru-ru/Infoportal/Content/Plattform/20
  ❌ Ошибка загрузки

[80/2007] https://www.eplan.help/ru-ru/Infoportal/Content/Plattform/20
  ❌ Ошибка загрузки

[81/2007] https://www.eplan.help/ru-ru/Infoportal/Content/Plattform/20
  ❌ Ошибка загрузки

[82/2007] https://www.eplan.help/ru-ru/Infoportal/Content/Plattform/20
  ❌ Ошибка загрузки

[83/2007] https://www.eplan.help/ru-ru/Infoportal/Content/Plattform/20
  ❌ Ошибка загрузки

[84/2007] https://www.eplan.help/ru-ru/Infoportal/Content/Plattform/20
  ❌ Ошибка загрузки

[85/2007] https://www.eplan.help/ru-ru/Infoportal/Content/Plattform/20
  ❌ Ошибка загрузки

[86/2007] https://www.eplan.help/ru-ru/Infoportal/Content/Plattform/20
  ❌ Ошибка загрузки

[87/2007] https://www.eplan.help/ru-ru/Infoportal/Content/Plattform/20
  ❌ Ошибка загрузки

[88/2007] https://www.eplan.help/ru-ru/Infoportal/Content/Plattform/20
  ❌ Ошибка загрузки

[89/2007] https://www.eplan.help/ru-ru/Infoportal/Content/Plattform/20
  ❌ Ошибка загрузки

[90/2007] https://www.eplan.help/ru-ru/Infoportal/Content/Plattform/20
  ❌ Ошибка загрузки

[91/2007] https://www.eplan.help/ru-ru/Infoportal/Content/Plattform/20
  ❌ Ошибка загрузки

[92/2007] https://www.eplan.help/ru-ru/Infoportal/Content/Plattform/20
  ❌ Ошибка загрузки

[93/2007] https://www.eplan.help/ru-ru/Infoportal/Content/Plattform/20
  ❌ Ошибка загрузки

[94/2007] https://www.eplan.help/ru-ru/Infoportal/Content/Plattform/20
  ❌ Ошибка загрузки

[95/2007] https://www.eplan.help/ru-ru/Infoportal/Content/Plattform/20
  ❌ Ошибка загрузки

[96/2007] https://www.eplan.help/ru-ru/Infoportal/Content/Plattform/20
  ❌ Ошибка загрузки

[97/2007] https://www.eplan.help/ru-ru/Infoportal/Content/Plattform/20
  ❌ Ошибка загрузки

[98/2007] https://www.eplan.help/ru-ru/Infoportal/Content/Plattform/20
  ❌ Ошибка загрузки

[99/2007] https://www.eplan.help/ru-ru/Infoportal/Content/Plattform/20
  ❌ Ошибка загрузки

[100/2007] https://www.eplan.help/ru-ru/Infoportal/Content/Plattform/20
  ❌ Ошибка загрузки

[101/2007] https://www.eplan.help/ru-ru/Infoportal/Content/Plattform/20
  ❌ Ошибка загрузки

[102/2007] https://www.eplan.help/ru-ru/Infoportal/Content/Plattform/20
  ❌ Ошибка загрузки

[103/2007] https://www.eplan.help/ru-ru/Infoportal/Content/Plattform/20
  ❌ Ошибка загрузки

[104/2007] https://www.eplan.help/ru-ru/Infoportal/Content/Plattform/20
  ❌ Ошибка загрузки

[105/2007] https://www.eplan.help/ru-ru/Infoportal/Content/Plattform/20
  ❌ Ошибка загрузки

[106/2007] https://www.eplan.help/ru-ru/Infoportal/Content/Plattform/20
  ❌ Ошибка загрузки

[107/2007] https://www.eplan.help/ru-ru/Infoportal/Content/Plattform/20
  ❌ Ошибка загрузки

[108/2007] https://www.eplan.help/ru-ru/Infoportal/Content/Plattform/20
  ❌ Ошибка загрузки

[109/2007] https://www.eplan.help/ru-ru/Infoportal/Content/Plattform/20
  ❌ Ошибка загрузки

[110/2007] https://www.eplan.help/ru-ru/Infoportal/Content/Plattform/20
  ❌ Ошибка загрузки

[111/2007] https://www.eplan.help/ru-ru/Infoportal/Content/Plattform/20
  ❌ Ошибка загрузки

[112/2007] https://www.eplan.help/ru-ru/Infoportal/Content/Plattform/20
  ❌ Ошибка загрузки

[113/2007] https://www.eplan.help/ru-ru/Infoportal/Content/Plattform/20
  ❌ Ошибка загрузки

[114/2007] https://www.eplan.help/ru-ru/Infoportal/Content/Plattform/20
  ❌ Ошибка загрузки

[115/2007] https://www.eplan.help/ru-ru/Infoportal/Content/Plattform/20
  ❌ Ошибка загрузки

[116/2007] https://www.eplan.help/ru-ru/Infoportal/Content/Plattform/20
  ❌ Ошибка загрузки

[117/2007] https://www.eplan.help/ru-ru/Infoportal/Content/Plattform/20
  ❌ Ошибка загрузки

[118/2007] https://www.eplan.help/ru-ru/Infoportal/Content/Plattform/20
  ❌ Ошибка загрузки

[119/2007] https://www.eplan.help/ru-ru/Infoportal/Content/Plattform/20
  ❌ Ошибка загрузки

[120/2007] https://www.eplan.help/ru-ru/Infoportal/Content/Plattform/20
  ❌ Ошибка загрузки

[121/2007] https://www.eplan.help/ru-ru/Infoportal/Content/Plattform/20
  ❌ Ошибка загрузки

[122/2007] https://www.eplan.help/ru-ru/Infoportal/Content/Plattform/20
  ❌ Ошибка загрузки

[123/2007] https://www.eplan.help/ru-ru/Infoportal/Content/Plattform/20
  ❌ Ошибка загрузки

[124/2007] https://www.eplan.help/ru-ru/Infoportal/Content/Plattform/20
  ❌ Ошибка загрузки

[125/2007] https://www.eplan.help/ru-ru/Infoportal/Content/Plattform/20
  ❌ Ошибка загрузки

[126/2007] https://www.eplan.help/ru-ru/Infoportal/Content/Plattform/20
  ❌ Ошибка загрузки

[127/2007] https://www.eplan.help/ru-ru/Infoportal/Content/Plattform/20
  ❌ Ошибка загрузки

[128/2007] https://www.eplan.help/ru-ru/Infoportal/Content/Plattform/20
  ❌ Ошибка загрузки

[129/2007] https://www.eplan.help/ru-ru/Infoportal/Content/Plattform/20
  ❌ Ошибка загрузки

[130/2007] https://www.eplan.help/ru-ru/Infoportal/Content/Plattform/20
  ❌ Ошибка загрузки

[131/2007] https://www.eplan.help/ru-ru/Infoportal/Content/Plattform/20
  ❌ Ошибка загрузки

[132/2007] https://www.eplan.help/ru-ru/Infoportal/Content/Plattform/20
  ❌ Ошибка загрузки

[133/2007] https://www.eplan.help/ru-ru/Infoportal/Content/Plattform/20
  ❌ Ошибка загрузки

[134/2007] https://www.eplan.help/ru-ru/Infoportal/Content/Plattform/20
  ❌ Ошибка загрузки

[135/2007] https://www.eplan.help/ru-ru/Infoportal/Content/Plattform/20
  ❌ Ошибка загрузки

[136/2007] https://www.eplan.help/ru-ru/Infoportal/Content/Plattform/20
  ❌ Ошибка загрузки

[137/2007] https://www.eplan.help/ru-ru/Infoportal/Content/Plattform/20
  ❌ Ошибка загрузки

[138/2007] https://www.eplan.help/ru-ru/Infoportal/Content/Plattform/20
  ❌ Ошибка загрузки

[139/2007] https://www.eplan.help/ru-ru/Infoportal/Content/Plattform/20
  ❌ Ошибка загрузки

[140/2007] https://www.eplan.help/ru-ru/Infoportal/Content/Plattform/20
  ❌ Ошибка загрузки

[141/2007] https://www.eplan.help/ru-ru/Infoportal/Content/Plattform/20
  ❌ Ошибка загрузки

[142/2007] https://www.eplan.help/ru-ru/Infoportal/Content/Plattform/20
  ❌ Ошибка загрузки

[143/2007] https://www.eplan.help/ru-ru/Infoportal/Content/Plattform/20
  ❌ Ошибка загрузки

[144/2007] https://www.eplan.help/ru-ru/Infoportal/Content/Plattform/20
  ❌ Ошибка загрузки

[145/2007] https://www.eplan.help/ru-ru/Infoportal/Content/Plattform/20
  ❌ Ошибка загрузки

[146/2007] https://www.eplan.help/ru-ru/Infoportal/Content/Plattform/20
  ❌ Ошибка загрузки

[147/2007] https://www.eplan.help/ru-ru/Infoportal/Content/Plattform/20
  ❌ Ошибка загрузки

[148/2007] https://www.eplan.help/ru-ru/Infoportal/Content/Plattform/20
  ❌ Ошибка загрузки

[149/2007] https://www.eplan.help/ru-ru/Infoportal/Content/Plattform/20
  ❌ Ошибка загрузки

[150/2007] https://www.eplan.help/ru-ru/Infoportal/Content/Plattform/20
  ❌ Ошибка загрузки

[151/2007] https://www.eplan.help/ru-ru/Infoportal/Content/Plattform/20
  ❌ Ошибка загрузки

[152/2007] https://www.eplan.help/ru-ru/Infoportal/Content/Plattform/20
  ❌ Ошибка загрузки

[153/2007] https://www.eplan.help/ru-ru/Infoportal/Content/Plattform/20
  ❌ Ошибка загрузки

[154/2007] https://www.eplan.help/ru-ru/Infoportal/Content/Plattform/20
  ❌ Ошибка загрузки

[155/2007] https://www.eplan.help/ru-ru/Infoportal/Content/Plattform/20
  ❌ Ошибка загрузки

[156/2007] https://www.eplan.help/ru-ru/Infoportal/Content/Plattform/20
  ❌ Ошибка загрузки

[157/2007] https://www.eplan.help/ru-ru/Infoportal/Content/Plattform/20
  ❌ Ошибка загрузки

[158/2007] https://www.eplan.help/ru-ru/Infoportal/Content/Plattform/20
  ❌ Ошибка загрузки

[159/2007] https://www.eplan.help/ru-ru/Infoportal/Content/Plattform/20
  ❌ Ошибка загрузки

[160/2007] https://www.eplan.help/ru-ru/Infoportal/Content/Plattform/20
  ❌ Ошибка загрузки

[161/2007] https://www.eplan.help/ru-ru/Infoportal/Content/Plattform/20
  ❌ Ошибка загрузки

[162/2007] https://www.eplan.help/ru-ru/Infoportal/Content/Plattform/20
  ❌ Ошибка загрузки

[163/2007] https://www.eplan.help/ru-ru/Infoportal/Content/Plattform/20
  ❌ Ошибка загрузки

[164/2007] https://www.eplan.help/ru-ru/Infoportal/Content/Plattform/20
  ❌ Ошибка загрузки

[165/2007] https://www.eplan.help/ru-ru/Infoportal/Content/Plattform/20
  ❌ Ошибка загрузки

[166/2007] https://www.eplan.help/ru-ru/Infoportal/Content/Plattform/20
  ❌ Ошибка загрузки

[167/2007] https://www.eplan.help/ru-ru/Infoportal/Content/Plattform/20
  ❌ Ошибка загрузки

[168/2007] https://www.eplan.help/ru-ru/Infoportal/Content/Plattform/20
  ❌ Ошибка загрузки

[169/2007] https://www.eplan.help/ru-ru/Infoportal/Content/Plattform/20
  ❌ Ошибка загрузки

[170/2007] https://www.eplan.help/ru-ru/Infoportal/Content/Plattform/20
  ❌ Ошибка загрузки

[171/2007] https://www.eplan.help/ru-ru/Infoportal/Content/Plattform/20
  ❌ Ошибка загрузки

[172/2007] https://www.eplan.help/ru-ru/Infoportal/Content/Plattform/20
  ❌ Ошибка загрузки

[173/2007] https://www.eplan.help/ru-ru/Infoportal/Content/Plattform/20
  ❌ Ошибка загрузки

[174/2007] https://www.eplan.help/ru-ru/Infoportal/Content/Plattform/20
  ❌ Ошибка загрузки

[175/2007] https://www.eplan.help/ru-ru/Infoportal/Content/Plattform/20
  ❌ Ошибка загрузки

[176/2007] https://www.eplan.help/ru-ru/Infoportal/Content/Plattform/20
  ❌ Ошибка загрузки

[177/2007] https://www.eplan.help/ru-ru/Infoportal/Content/Plattform/20
  ❌ Ошибка загрузки

[178/2007] https://www.eplan.help/ru-ru/Infoportal/Content/Plattform/20
  ❌ Ошибка загрузки

[179/2007] https://www.eplan.help/ru-ru/Infoportal/Content/Plattform/20
  ❌ Ошибка загрузки

[180/2007] https://www.eplan.help/ru-ru/Infoportal/Content/Plattform/20
  ❌ Ошибка загрузки

[181/2007] https://www.eplan.help/ru-ru/Infoportal/Content/Plattform/20
  ❌ Ошибка загрузки

[182/2007] https://www.eplan.help/ru-ru/Infoportal/Content/Plattform/20
  ❌ Ошибка загрузки

[183/2007] https://www.eplan.help/ru-ru/Infoportal/Content/Plattform/20
  ❌ Ошибка загрузки

[184/2007] https://www.eplan.help/ru-ru/Infoportal/Content/Plattform/20
  ❌ Ошибка загрузки

[185/2007] https://www.eplan.help/ru-ru/Infoportal/Content/Plattform/20
  ❌ Ошибка загрузки

[186/2007] https://www.eplan.help/ru-ru/Infoportal/Content/Plattform/20
  ❌ Ошибка загрузки

[187/2007] https://www.eplan.help/ru-ru/Infoportal/Content/Plattform/20
  ❌ Ошибка загрузки

[188/2007] https://www.eplan.help/ru-ru/Infoportal/Content/Plattform/20
  ❌ Ошибка загрузки

[189/2007] https://www.eplan.help/ru-ru/Infoportal/Content/Plattform/20
  ❌ Ошибка загрузки

[190/2007] https://www.eplan.help/ru-ru/Infoportal/Content/Plattform/20
  ❌ Ошибка загрузки

[191/2007] https://www.eplan.help/ru-ru/Infoportal/Content/Plattform/20
  ❌ Ошибка загрузки

[192/2007] https://www.eplan.help/ru-ru/Infoportal/Content/Plattform/20
  ❌ Ошибка загрузки

[193/2007] https://www.eplan.help/ru-ru/Infoportal/Content/Plattform/20
  ❌ Ошибка загрузки

[194/2007] https://www.eplan.help/ru-ru/Infoportal/Content/Plattform/20
  ❌ Ошибка загрузки

[195/2007] https://www.eplan.help/ru-ru/Infoportal/Content/Plattform/20
  ❌ Ошибка загрузки

[196/2007] https://www.eplan.help/ru-ru/Infoportal/Content/Plattform/20
  ❌ Ошибка загрузки

[197/2007] https://www.eplan.help/ru-ru/Infoportal/Content/Plattform/20
  ❌ Ошибка загрузки

[198/2007] https://www.eplan.help/ru-ru/Infoportal/Content/Plattform/20
  ❌ Ошибка загрузки

[199/2007] https://www.eplan.help/ru-ru/Infoportal/Content/Plattform/20
  ❌ Ошибка загрузки

[200/2007] https://www.eplan.help/ru-ru/Infoportal/Content/Plattform/20
  ❌ Ошибка загрузки

[201/2007] https://www.eplan.help/ru-ru/Infoportal/Content/Plattform/20
  ❌ Ошибка загрузки

[202/2007] https://www.eplan.help/ru-ru/Infoportal/Content/Plattform/20
  ❌ Ошибка загрузки

[203/2007] https://www.eplan.help/ru-ru/Infoportal/Content/Plattform/20
  ❌ Ошибка загрузки

[204/2007] https://www.eplan.help/ru-ru/Infoportal/Content/Plattform/20
  ❌ Ошибка загрузки

[205/2007] https://www.eplan.help/ru-ru/Infoportal/Content/Plattform/20
  ❌ Ошибка загрузки

[206/2007] https://www.eplan.help/ru-ru/Infoportal/Content/Plattform/20
  ❌ Ошибка загрузки

[207/2007] https://www.eplan.help/ru-ru/Infoportal/Content/Plattform/20
  ❌ Ошибка загрузки

[208/2007] https://www.eplan.help/ru-ru/Infoportal/Content/Plattform/20
  ❌ Ошибка загрузки

[209/2007] https://www.eplan.help/ru-ru/Infoportal/Content/Plattform/20
  ❌ Ошибка загрузки

[210/2007] https://www.eplan.help/ru-ru/Infoportal/Content/Plattform/20
  ❌ Ошибка загрузки

[211/2007] https://www.eplan.help/ru-ru/Infoportal/Content/Plattform/20
  ❌ Ошибка загрузки

[212/2007] https://www.eplan.help/ru-ru/Infoportal/Content/Plattform/20
  ❌ Ошибка загрузки

[213/2007] https://www.eplan.help/ru-ru/Infoportal/Content/Plattform/20
  ❌ Ошибка загрузки

[214/2007] https://www.eplan.help/ru-ru/Infoportal/Content/Plattform/20
  ❌ Ошибка загрузки

[215/2007] https://www.eplan.help/ru-ru/Infoportal/Content/Plattform/20
  ❌ Ошибка загрузки

[216/2007] https://www.eplan.help/ru-ru/Infoportal/Content/Plattform/20
  ❌ Ошибка загрузки

[217/2007] https://www.eplan.help/ru-ru/Infoportal/Content/Plattform/20
  ❌ Ошибка загрузки

[218/2007] https://www.eplan.help/ru-ru/Infoportal/Content/Plattform/20
  ❌ Ошибка загрузки

[219/2007] https://www.eplan.help/ru-ru/Infoportal/Content/Plattform/20
  ❌ Ошибка загрузки

[220/2007] https://www.eplan.help/ru-ru/Infoportal/Content/Plattform/20
  ❌ Ошибка загрузки

[221/2007] https://www.eplan.help/ru-ru/Infoportal/Content/Plattform/20
  ❌ Ошибка загрузки

[222/2007] https://www.eplan.help/ru-ru/Infoportal/Content/Plattform/20
  ❌ Ошибка загрузки

[223/2007] https://www.eplan.help/ru-ru/Infoportal/Content/Plattform/20
  ❌ Ошибка загрузки

[224/2007] https://www.eplan.help/ru-ru/Infoportal/Content/Plattform/20
  ❌ Ошибка загрузки

[225/2007] https://www.eplan.help/ru-ru/Infoportal/Content/Plattform/20
  ❌ Ошибка загрузки

[226/2007] https://www.eplan.help/ru-ru/Infoportal/Content/Plattform/20
  ❌ Ошибка загрузки

[227/2007] https://www.eplan.help/ru-ru/Infoportal/Content/Plattform/20
  ❌ Ошибка загрузки

[228/2007] https://www.eplan.help/ru-ru/Infoportal/Content/Plattform/20
  ❌ Ошибка загрузки

[229/2007] https://www.eplan.help/ru-ru/Infoportal/Content/Plattform/20
  ❌ Ошибка загрузки

[230/2007] https://www.eplan.help/ru-ru/Infoportal/Content/Plattform/20
  ❌ Ошибка загрузки

[231/2007] https://www.eplan.help/ru-ru/Infoportal/Content/Plattform/20
  ❌ Ошибка загрузки

[232/2007] https://www.eplan.help/ru-ru/Infoportal/Content/Plattform/20
  ❌ Ошибка загрузки

[233/2007] https://www.eplan.help/ru-ru/Infoportal/Content/Plattform/20
  ❌ Ошибка загрузки

[234/2007] https://www.eplan.help/ru-ru/Infoportal/Content/Plattform/20
  ❌ Ошибка загрузки

[235/2007] https://www.eplan.help/ru-ru/Infoportal/Content/Plattform/20
  ❌ Ошибка загрузки

[236/2007] https://www.eplan.help/ru-ru/Infoportal/Content/Plattform/20
  ❌ Ошибка загрузки

[237/2007] https://www.eplan.help/ru-ru/Infoportal/Content/Plattform/20
  ❌ Ошибка загрузки

[238/2007] https://www.eplan.help/ru-ru/Infoportal/Content/Plattform/20
  ❌ Ошибка загрузки

[239/2007] https://www.eplan.help/ru-ru/Infoportal/Content/Plattform/20
  ❌ Ошибка загрузки

[240/2007] https://www.eplan.help/ru-ru/Infoportal/Content/Plattform/20
  ❌ Ошибка загрузки

[241/2007] https://www.eplan.help/ru-ru/Infoportal/Content/Plattform/20
  ❌ Ошибка загрузки

[242/2007] https://www.eplan.help/ru-ru/Infoportal/Content/Plattform/20
  ❌ Ошибка загрузки

[243/2007] https://www.eplan.help/ru-ru/Infoportal/Content/Plattform/20
  ❌ Ошибка загрузки

[244/2007] https://www.eplan.help/ru-ru/Infoportal/Content/Plattform/20
  ❌ Ошибка загрузки

[245/2007] https://www.eplan.help/ru-ru/Infoportal/Content/Plattform/20
  ❌ Ошибка загрузки

[246/2007] https://www.eplan.help/ru-ru/Infoportal/Content/Plattform/20
  ❌ Ошибка загрузки

[247/2007] https://www.eplan.help/ru-ru/Infoportal/Content/Plattform/20
  ❌ Ошибка загрузки

[248/2007] https://www.eplan.help/ru-ru/Infoportal/Content/Plattform/20
  ❌ Ошибка загрузки

[249/2007] https://www.eplan.help/ru-ru/Infoportal/Content/Plattform/20
  ❌ Ошибка загрузки

[250/2007] https://www.eplan.help/ru-ru/Infoportal/Content/Plattform/20
  ❌ Ошибка загрузки

[251/2007] https://www.eplan.help/ru-ru/Infoportal/Content/Plattform/20
  ❌ Ошибка загрузки

[252/2007] https://www.eplan.help/ru-ru/Infoportal/Content/Plattform/20
  ❌ Ошибка загрузки

[253/2007] https://www.eplan.help/ru-ru/Infoportal/Content/Plattform/20
  ❌ Ошибка загрузки

[254/2007] https://www.eplan.help/ru-ru/Infoportal/Content/Plattform/20
  ❌ Ошибка загрузки

[255/2007] https://www.eplan.help/ru-ru/Infoportal/Content/Plattform/20
  ❌ Ошибка загрузки

[256/2007] https://www.eplan.help/ru-ru/Infoportal/Content/Plattform/20
  ❌ Ошибка загрузки

[257/2007] https://www.eplan.help/ru-ru/Infoportal/Content/Plattform/20
  ❌ Ошибка загрузки

[258/2007] https://www.eplan.help/ru-ru/Infoportal/Content/Plattform/20
  ❌ Ошибка загрузки

[259/2007] https://www.eplan.help/ru-ru/Infoportal/Content/Plattform/20
  ❌ Ошибка загрузки

[260/2007] https://www.eplan.help/ru-ru/Infoportal/Content/Plattform/20
  ❌ Ошибка загрузки

[261/2007] https://www.eplan.help/ru-ru/Infoportal/Content/Plattform/20
  ❌ Ошибка загрузки

[262/2007] https://www.eplan.help/ru-ru/Infoportal/Content/Plattform/20
  ❌ Ошибка загрузки

[263/2007] https://www.eplan.help/ru-ru/Infoportal/Content/Plattform/20
  ❌ Ошибка загрузки

[264/2007] https://www.eplan.help/ru-ru/Infoportal/Content/Plattform/20
  ❌ Ошибка загрузки

[265/2007] https://www.eplan.help/ru-ru/Infoportal/Content/Plattform/20
  ❌ Ошибка загрузки

[266/2007] https://www.eplan.help/ru-ru/Infoportal/Content/Plattform/20
  ❌ Ошибка загрузки

[267/2007] https://www.eplan.help/ru-ru/Infoportal/Content/Plattform/20
  ❌ Ошибка загрузки

[268/2007] https://www.eplan.help/ru-ru/Infoportal/Content/Plattform/20
  ❌ Ошибка загрузки

[269/2007] https://www.eplan.help/ru-ru/Infoportal/Content/Plattform/20
  ❌ Ошибка загрузки

[270/2007] https://www.eplan.help/ru-ru/Infoportal/Content/Plattform/20
  ❌ Ошибка загрузки

[271/2007] https://www.eplan.help/ru-ru/Infoportal/Content/Plattform/20
  ❌ Ошибка загрузки

[272/2007] https://www.eplan.help/ru-ru/Infoportal/Content/Plattform/20
  ❌ Ошибка загрузки

[273/2007] https://www.eplan.help/ru-ru/Infoportal/Content/Plattform/20
  ❌ Ошибка загрузки

[274/2007] https://www.eplan.help/ru-ru/Infoportal/Content/Plattform/20
  ❌ Ошибка загрузки

[275/2007] https://www.eplan.help/ru-ru/Infoportal/Content/Plattform/20
  ❌ Ошибка загрузки

[276/2007] https://www.eplan.help/ru-ru/Infoportal/Content/Plattform/20
  ❌ Ошибка загрузки

[277/2007] https://www.eplan.help/ru-ru/Infoportal/Content/Plattform/20
  ❌ Ошибка загрузки

[278/2007] https://www.eplan.help/ru-ru/Infoportal/Content/Plattform/20
  ❌ Ошибка загрузки

[279/2007] https://www.eplan.help/ru-ru/Infoportal/Content/Plattform/20
  ❌ Ошибка загрузки

[280/2007] https://www.eplan.help/ru-ru/Infoportal/Content/Plattform/20
  ❌ Ошибка загрузки

[281/2007] https://www.eplan.help/ru-ru/Infoportal/Content/Plattform/20
  ❌ Ошибка загрузки

[282/2007] https://www.eplan.help/ru-ru/Infoportal/Content/Plattform/20
  ❌ Ошибка загрузки

[283/2007] https://www.eplan.help/ru-ru/Infoportal/Content/Plattform/20
  ❌ Ошибка загрузки

[284/2007] https://www.eplan.help/ru-ru/Infoportal/Content/Plattform/20
  ❌ Ошибка загрузки

[285/2007] https://www.eplan.help/ru-ru/Infoportal/Content/Plattform/20
  ❌ Ошибка загрузки

[286/2007] https://www.eplan.help/ru-ru/Infoportal/Content/Plattform/20
  ❌ Ошибка загрузки

[287/2007] https://www.eplan.help/ru-ru/Infoportal/Content/Plattform/20
  ❌ Ошибка загрузки

[288/2007] https://www.eplan.help/ru-ru/Infoportal/Content/Plattform/20
  ❌ Ошибка загрузки

[289/2007] https://www.eplan.help/ru-ru/Infoportal/Content/Plattform/20
  ❌ Ошибка загрузки

[290/2007] https://www.eplan.help/ru-ru/Infoportal/Content/Plattform/20
  ❌ Ошибка загрузки

[291/2007] https://www.eplan.help/ru-ru/Infoportal/Content/Plattform/20
  ❌ Ошибка загрузки

[292/2007] https://www.eplan.help/ru-ru/Infoportal/Content/Plattform/20
  ❌ Ошибка загрузки

[293/2007] https://www.eplan.help/ru-ru/Infoportal/Content/Plattform/20
  ❌ Ошибка загрузки

[294/2007] https://www.eplan.help/ru-ru/Infoportal/Content/Plattform/20
  ❌ Ошибка загрузки

[295/2007] https://www.eplan.help/ru-ru/Infoportal/Content/Plattform/20
  ❌ Ошибка загрузки

[296/2007] https://www.eplan.help/ru-ru/Infoportal/Content/Plattform/20
  ❌ Ошибка загрузки

[297/2007] https://www.eplan.help/ru-ru/Infoportal/Content/Plattform/20
  ❌ Ошибка загрузки

[298/2007] https://www.eplan.help/ru-ru/Infoportal/Content/Plattform/20
  ❌ Ошибка загрузки

[299/2007] https://www.eplan.help/ru-ru/Infoportal/Content/Plattform/20
  ❌ Ошибка загрузки

[300/2007] https://www.eplan.help/ru-ru/Infoportal/Content/Plattform/20
  ❌ Ошибка загрузки

[301/2007] https://www.eplan.help/ru-ru/Infoportal/Content/Plattform/20
  ❌ Ошибка загрузки

[302/2007] https://www.eplan.help/ru-ru/Infoportal/Content/Plattform/20
  ❌ Ошибка загрузки

[303/2007] https://www.eplan.help/ru-ru/Infoportal/Content/Plattform/20
  ❌ Ошибка загрузки

[304/2007] https://www.eplan.help/ru-ru/Infoportal/Content/Plattform/20
  ❌ Ошибка загрузки

[305/2007] https://www.eplan.help/ru-ru/Infoportal/Content/Plattform/20
  ❌ Ошибка загрузки

[306/2007] https://www.eplan.help/ru-ru/Infoportal/Content/Plattform/20
  ❌ Ошибка загрузки

[307/2007] https://www.eplan.help/ru-ru/Infoportal/Content/Plattform/20
  ❌ Ошибка загрузки

[308/2007] https://www.eplan.help/ru-ru/Infoportal/Content/Plattform/20
  ❌ Ошибка загрузки

[309/2007] https://www.eplan.help/ru-ru/Infoportal/Content/Plattform/20
  ❌ Ошибка загрузки

[310/2007] https://www.eplan.help/ru-ru/Infoportal/Content/Plattform/20
  ❌ Ошибка загрузки

[311/2007] https://www.eplan.help/ru-ru/Infoportal/Content/Plattform/20
  ❌ Ошибка загрузки

[312/2007] https://www.eplan.help/ru-ru/Infoportal/Content/Plattform/20
  ❌ Ошибка загрузки

[313/2007] https://www.eplan.help/ru-ru/Infoportal/Content/Plattform/20
  ❌ Ошибка загрузки

[314/2007] https://www.eplan.help/ru-ru/Infoportal/Content/Plattform/20
  ❌ Ошибка загрузки

[315/2007] https://www.eplan.help/ru-ru/Infoportal/Content/Plattform/20
  ❌ Ошибка загрузки

[316/2007] https://www.eplan.help/ru-ru/Infoportal/Content/Plattform/20
  ❌ Ошибка загрузки

[317/2007] https://www.eplan.help/ru-ru/Infoportal/Content/Plattform/20
  ❌ Ошибка загрузки

[318/2007] https://www.eplan.help/ru-ru/Infoportal/Content/Plattform/20
  ❌ Ошибка загрузки

[319/2007] https://www.eplan.help/ru-ru/Infoportal/Content/Plattform/20
  ❌ Ошибка загрузки

[320/2007] https://www.eplan.help/ru-ru/Infoportal/Content/Plattform/20
  ❌ Ошибка загрузки

[321/2007] https://www.eplan.help/ru-ru/Infoportal/Content/Plattform/20
  ❌ Ошибка загрузки

[322/2007] https://www.eplan.help/ru-ru/Infoportal/Content/Plattform/20
  ❌ Ошибка загрузки

[323/2007] https://www.eplan.help/ru-ru/Infoportal/Content/Plattform/20
  ❌ Ошибка загрузки

[324/2007] https://www.eplan.help/ru-ru/Infoportal/Content/Plattform/20
  ❌ Ошибка загрузки

[325/2007] https://www.eplan.help/ru-ru/Infoportal/Content/Plattform/20
  ❌ Ошибка загрузки

[326/2007] https://www.eplan.help/ru-ru/Infoportal/Content/Plattform/20
  ❌ Ошибка загрузки

[327/2007] https://www.eplan.help/ru-ru/Infoportal/Content/Plattform/20
  ❌ Ошибка загрузки

[328/2007] https://www.eplan.help/ru-ru/Infoportal/Content/Plattform/20
  ❌ Ошибка загрузки

[329/2007] https://www.eplan.help/ru-ru/Infoportal/Content/Plattform/20
  ❌ Ошибка загрузки

[330/2007] https://www.eplan.help/ru-ru/Infoportal/Content/Plattform/20
  ❌ Ошибка загрузки

[331/2007] https://www.eplan.help/ru-ru/Infoportal/Content/Plattform/20
  ❌ Ошибка загрузки

[332/2007] https://www.eplan.help/ru-ru/Infoportal/Content/Plattform/20
  ❌ Ошибка загрузки

[333/2007] https://www.eplan.help/ru-ru/Infoportal/Content/Plattform/20
  ❌ Ошибка загрузки

[334/2007] https://www.eplan.help/ru-ru/Infoportal/Content/Plattform/20
  ❌ Ошибка загрузки

[335/2007] https://www.eplan.help/ru-ru/Infoportal/Content/Plattform/20
  ❌ Ошибка загрузки

[336/2007] https://www.eplan.help/ru-ru/Infoportal/Content/Plattform/20
  ❌ Ошибка загрузки

[337/2007] https://www.eplan.help/ru-ru/Infoportal/Content/Plattform/20
  ❌ Ошибка загрузки

[338/2007] https://www.eplan.help/ru-ru/Infoportal/Content/Plattform/20
  ❌ Ошибка загрузки

[339/2007] https://www.eplan.help/ru-ru/Infoportal/Content/Plattform/20
  ❌ Ошибка загрузки

[340/2007] https://www.eplan.help/ru-ru/Infoportal/Content/Plattform/20
  ❌ Ошибка загрузки

[341/2007] https://www.eplan.help/ru-ru/Infoportal/Content/Plattform/20
  ❌ Ошибка загрузки

[342/2007] https://www.eplan.help/ru-ru/Infoportal/Content/Plattform/20
  ❌ Ошибка загрузки

[343/2007] https://www.eplan.help/ru-ru/Infoportal/Content/Plattform/20
  ❌ Ошибка загрузки

[344/2007] https://www.eplan.help/ru-ru/Infoportal/Content/Plattform/20
  ❌ Ошибка загрузки

[345/2007] https://www.eplan.help/ru-ru/Infoportal/Content/Plattform/20
  ❌ Ошибка загрузки

[346/2007] https://www.eplan.help/ru-ru/Infoportal/Content/Plattform/20
  ❌ Ошибка загрузки

[347/2007] https://www.eplan.help/ru-ru/Infoportal/Content/Plattform/20
  ❌ Ошибка загрузки

[348/2007] https://www.eplan.help/ru-ru/Infoportal/Content/Plattform/20
  ❌ Ошибка загрузки

[349/2007] https://www.eplan.help/ru-ru/Infoportal/Content/Plattform/20
  ❌ Ошибка загрузки

[350/2007] https://www.eplan.help/ru-ru/Infoportal/Content/Plattform/20
  ❌ Ошибка загрузки

[351/2007] https://www.eplan.help/ru-ru/Infoportal/Content/Plattform/20
  ❌ Ошибка загрузки

[352/2007] https://www.eplan.help/ru-ru/Infoportal/Content/Plattform/20
  ❌ Ошибка загрузки

[353/2007] https://www.eplan.help/ru-ru/Infoportal/Content/Plattform/20
  ❌ Ошибка загрузки

[354/2007] https://www.eplan.help/ru-ru/Infoportal/Content/Plattform/20
  ❌ Ошибка загрузки

[355/2007] https://www.eplan.help/ru-ru/Infoportal/Content/Plattform/20
  ❌ Ошибка загрузки

[356/2007] https://www.eplan.help/ru-ru/Infoportal/Content/Plattform/20
  ❌ Ошибка загрузки

[357/2007] https://www.eplan.help/ru-ru/Infoportal/Content/Plattform/20
  ❌ Ошибка загрузки

[358/2007] https://www.eplan.help/ru-ru/Infoportal/Content/Plattform/20
  ❌ Ошибка загрузки

[359/2007] https://www.eplan.help/ru-ru/Infoportal/Content/Plattform/20
  ❌ Ошибка загрузки

[360/2007] https://www.eplan.help/ru-ru/Infoportal/Content/Plattform/20
  ❌ Ошибка загрузки

[361/2007] https://www.eplan.help/ru-ru/Infoportal/Content/Plattform/20
  ❌ Ошибка загрузки

[362/2007] https://www.eplan.help/ru-ru/Infoportal/Content/Plattform/20
  ❌ Ошибка загрузки

[363/2007] https://www.eplan.help/ru-ru/Infoportal/Content/Plattform/20
  ❌ Ошибка загрузки

[364/2007] https://www.eplan.help/ru-ru/Infoportal/Content/Plattform/20
  ❌ Ошибка загрузки

[365/2007] https://www.eplan.help/ru-ru/Infoportal/Content/Plattform/20
  ❌ Ошибка загрузки

[366/2007] https://www.eplan.help/ru-ru/Infoportal/Content/Plattform/20
  ❌ Ошибка загрузки

[367/2007] https://www.eplan.help/ru-ru/Infoportal/Content/Plattform/20
  ❌ Ошибка загрузки

[368/2007] https://www.eplan.help/ru-ru/Infoportal/Content/Plattform/20
  ❌ Ошибка загрузки

[369/2007] https://www.eplan.help/ru-ru/Infoportal/Content/Plattform/20
  ❌ Ошибка загрузки

[370/2007] https://www.eplan.help/ru-ru/Infoportal/Content/Plattform/20
  ❌ Ошибка загрузки

[371/2007] https://www.eplan.help/ru-ru/Infoportal/Content/Plattform/20
  ❌ Ошибка загрузки

[372/2007] https://www.eplan.help/ru-ru/Infoportal/Content/Plattform/20
  ❌ Ошибка загрузки

[373/2007] https://www.eplan.help/ru-ru/Infoportal/Content/Plattform/20
  ❌ Ошибка загрузки

[374/2007] https://www.eplan.help/ru-ru/Infoportal/Content/Plattform/20
  ❌ Ошибка загрузки

[375/2007] https://www.eplan.help/ru-ru/Infoportal/Content/Plattform/20
  ❌ Ошибка загрузки

[376/2007] https://www.eplan.help/ru-ru/Infoportal/Content/Plattform/20
  ❌ Ошибка загрузки

[377/2007] https://www.eplan.help/ru-ru/Infoportal/Content/Plattform/20
  ❌ Ошибка загрузки

[378/2007] https://www.eplan.help/ru-ru/Infoportal/Content/Plattform/20
  ❌ Ошибка загрузки

[379/2007] https://www.eplan.help/ru-ru/Infoportal/Content/Plattform/20
  ❌ Ошибка загрузки

[380/2007] https://www.eplan.help/ru-ru/Infoportal/Content/Plattform/20
  ❌ Ошибка загрузки

[381/2007] https://www.eplan.help/ru-ru/Infoportal/Content/Plattform/20
  ❌ Ошибка загрузки

[382/2007] https://www.eplan.help/ru-ru/Infoportal/Content/Plattform/20
  ❌ Ошибка загрузки

[383/2007] https://www.eplan.help/ru-ru/Infoportal/Content/Plattform/20
  ❌ Ошибка загрузки

[384/2007] https://www.eplan.help/ru-ru/Infoportal/Content/Plattform/20
  ❌ Ошибка загрузки

[385/2007] https://www.eplan.help/ru-ru/Infoportal/Content/Plattform/20
  ❌ Ошибка загрузки

[386/2007] https://www.eplan.help/ru-ru/Infoportal/Content/Plattform/20
  ❌ Ошибка загрузки

[387/2007] https://www.eplan.help/ru-ru/Infoportal/Content/Plattform/20
  ❌ Ошибка загрузки

[388/2007] https://www.eplan.help/ru-ru/Infoportal/Content/Plattform/20
  ❌ Ошибка загрузки

[389/2007] https://www.eplan.help/ru-ru/Infoportal/Content/Plattform/20
  ❌ Ошибка загрузки

[390/2007] https://www.eplan.help/ru-ru/Infoportal/Content/Plattform/20
  ❌ Ошибка загрузки

[391/2007] https://www.eplan.help/ru-ru/Infoportal/Content/Plattform/20
  ❌ Ошибка загрузки

[392/2007] https://www.eplan.help/ru-ru/Infoportal/Content/Plattform/20
  ❌ Ошибка загрузки

[393/2007] https://www.eplan.help/ru-ru/Infoportal/Content/Plattform/20
  ❌ Ошибка загрузки

[394/2007] https://www.eplan.help/ru-ru/Infoportal/Content/Plattform/20
  ❌ Ошибка загрузки

[395/2007] https://www.eplan.help/ru-ru/Infoportal/Content/Plattform/20
  ❌ Ошибка загрузки

[396/2007] https://www.eplan.help/ru-ru/Infoportal/Content/Plattform/20
  ❌ Ошибка загрузки

[397/2007] https://www.eplan.help/ru-ru/Infoportal/Content/Plattform/20
  ❌ Ошибка загрузки

[398/2007] https://www.eplan.help/ru-ru/Infoportal/Content/Plattform/20
  ❌ Ошибка загрузки

[399/2007] https://www.eplan.help/ru-ru/Infoportal/Content/Plattform/20
  ❌ Ошибка загрузки

[400/2007] https://www.eplan.help/ru-ru/Infoportal/Content/Plattform/20
  ❌ Ошибка загрузки

[401/2007] https://www.eplan.help/ru-ru/Infoportal/Content/Plattform/20
  ❌ Ошибка загрузки

[402/2007] https://www.eplan.help/ru-ru/Infoportal/Content/Plattform/20
  ❌ Ошибка загрузки

[403/2007] https://www.eplan.help/ru-ru/Infoportal/Content/Plattform/20
  ❌ Ошибка загрузки

[404/2007] https://www.eplan.help/ru-ru/Infoportal/Content/Plattform/20
  ❌ Ошибка загрузки

[405/2007] https://www.eplan.help/ru-ru/Infoportal/Content/Plattform/20
  ❌ Ошибка загрузки

[406/2007] https://www.eplan.help/ru-ru/Infoportal/Content/Plattform/20
  ❌ Ошибка загрузки

[407/2007] https://www.eplan.help/ru-ru/Infoportal/Content/Plattform/20
  ❌ Ошибка загрузки

[408/2007] https://www.eplan.help/ru-ru/Infoportal/Content/Plattform/20
  ❌ Ошибка загрузки

[409/2007] https://www.eplan.help/ru-ru/Infoportal/Content/Plattform/20
  ❌ Ошибка загрузки

[410/2007] https://www.eplan.help/ru-ru/Infoportal/Content/Plattform/20
  ❌ Ошибка загрузки

[411/2007] https://www.eplan.help/ru-ru/Infoportal/Content/Plattform/20
  ❌ Ошибка загрузки

[412/2007] https://www.eplan.help/ru-ru/Infoportal/Content/Plattform/20
  ❌ Ошибка загрузки

[413/2007] https://www.eplan.help/ru-ru/Infoportal/Content/Plattform/20
  ❌ Ошибка загрузки

[414/2007] https://www.eplan.help/ru-ru/Infoportal/Content/Plattform/20
  ❌ Ошибка загрузки

[415/2007] https://www.eplan.help/ru-ru/Infoportal/Content/Plattform/20
  ❌ Ошибка загрузки

[416/2007] https://www.eplan.help/ru-ru/Infoportal/Content/Plattform/20
  ❌ Ошибка загрузки

[417/2007] https://www.eplan.help/ru-ru/Infoportal/Content/Plattform/20
  ❌ Ошибка загрузки

[418/2007] https://www.eplan.help/ru-ru/Infoportal/Content/Plattform/20
  ❌ Ошибка загрузки

[419/2007] https://www.eplan.help/ru-ru/Infoportal/Content/Plattform/20
  ❌ Ошибка загрузки

[420/2007] https://www.eplan.help/ru-ru/Infoportal/Content/Plattform/20
  ❌ Ошибка загрузки

[421/2007] https://www.eplan.help/ru-ru/Infoportal/Content/Plattform/20
  ❌ Ошибка загрузки

[422/2007] https://www.eplan.help/ru-ru/Infoportal/Content/Plattform/20
  ❌ Ошибка загрузки

[423/2007] https://www.eplan.help/ru-ru/Infoportal/Content/Plattform/20
  ❌ Ошибка загрузки

[424/2007] https://www.eplan.help/ru-ru/Infoportal/Content/Plattform/20
  ❌ Ошибка загрузки

[425/2007] https://www.eplan.help/ru-ru/Infoportal/Content/Plattform/20
  ❌ Ошибка загрузки

[426/2007] https://www.eplan.help/ru-ru/Infoportal/Content/Plattform/20
  ❌ Ошибка загрузки

[427/2007] https://www.eplan.help/ru-ru/Infoportal/Content/Plattform/20
  ❌ Ошибка загрузки

[428/2007] https://www.eplan.help/ru-ru/Infoportal/Content/Plattform/20
  ❌ Ошибка загрузки

[429/2007] https://www.eplan.help/ru-ru/Infoportal/Content/Plattform/20
  ❌ Ошибка загрузки

[430/2007] https://www.eplan.help/ru-ru/Infoportal/Content/Plattform/20
  ❌ Ошибка загрузки

[431/2007] https://www.eplan.help/ru-ru/Infoportal/Content/Plattform/20
  ❌ Ошибка загрузки

[432/2007] https://www.eplan.help/ru-ru/Infoportal/Content/Plattform/20
  ❌ Ошибка загрузки

[433/2007] https://www.eplan.help/ru-ru/Infoportal/Content/Plattform/20
  ❌ Ошибка загрузки

[434/2007] https://www.eplan.help/ru-ru/Infoportal/Content/Plattform/20
  ❌ Ошибка загрузки

[435/2007] https://www.eplan.help/ru-ru/Infoportal/Content/Plattform/20
  ❌ Ошибка загрузки

[436/2007] https://www.eplan.help/ru-ru/Infoportal/Content/Plattform/20
  ❌ Ошибка загрузки

[437/2007] https://www.eplan.help/ru-ru/Infoportal/Content/Plattform/20
  ❌ Ошибка загрузки

[438/2007] https://www.eplan.help/ru-ru/Infoportal/Content/Plattform/20
  ❌ Ошибка загрузки

[439/2007] https://www.eplan.help/ru-ru/Infoportal/Content/Plattform/20
  ❌ Ошибка загрузки

[440/2007] https://www.eplan.help/ru-ru/Infoportal/Content/Plattform/20
  ❌ Ошибка загрузки

[441/2007] https://www.eplan.help/ru-ru/Infoportal/Content/Plattform/20
  ❌ Ошибка загрузки

[442/2007] https://www.eplan.help/ru-ru/Infoportal/Content/Plattform/20
  ❌ Ошибка загрузки

[443/2007] https://www.eplan.help/ru-ru/Infoportal/Content/Plattform/20
  ❌ Ошибка загрузки

[444/2007] https://www.eplan.help/ru-ru/Infoportal/Content/Plattform/20
  ❌ Ошибка загрузки

[445/2007] https://www.eplan.help/ru-ru/Infoportal/Content/Plattform/20
  ❌ Ошибка загрузки

[446/2007] https://www.eplan.help/ru-ru/Infoportal/Content/Plattform/20
  ❌ Ошибка загрузки

[447/2007] https://www.eplan.help/ru-ru/Infoportal/Content/Plattform/20
  ❌ Ошибка загрузки

[448/2007] https://www.eplan.help/ru-ru/Infoportal/Content/Plattform/20
  ❌ Ошибка загрузки

[449/2007] https://www.eplan.help/ru-ru/Infoportal/Content/Plattform/20
  ❌ Ошибка загрузки

[450/2007] https://www.eplan.help/ru-ru/Infoportal/Content/Plattform/20
  ❌ Ошибка загрузки

[451/2007] https://www.eplan.help/ru-ru/Infoportal/Content/Plattform/20
  ❌ Ошибка загрузки

[452/2007] https://www.eplan.help/ru-ru/Infoportal/Content/Plattform/20
  ❌ Ошибка загрузки

[453/2007] https://www.eplan.help/ru-ru/Infoportal/Content/Plattform/20
  ❌ Ошибка загрузки

[454/2007] https://www.eplan.help/ru-ru/Infoportal/Content/Plattform/20
  ❌ Ошибка загрузки

[455/2007] https://www.eplan.help/ru-ru/Infoportal/Content/Plattform/20
  ❌ Ошибка загрузки

[456/2007] https://www.eplan.help/ru-ru/Infoportal/Content/Plattform/20
  ❌ Ошибка загрузки

[457/2007] https://www.eplan.help/ru-ru/Infoportal/Content/Plattform/20
  ❌ Ошибка загрузки

[458/2007] https://www.eplan.help/ru-ru/Infoportal/Content/Plattform/20
  ❌ Ошибка загрузки

[459/2007] https://www.eplan.help/ru-ru/Infoportal/Content/Plattform/20
  ❌ Ошибка загрузки

[460/2007] https://www.eplan.help/ru-ru/Infoportal/Content/Plattform/20
  ❌ Ошибка загрузки

[461/2007] https://www.eplan.help/ru-ru/Infoportal/Content/Plattform/20
  ❌ Ошибка загрузки

[462/2007] https://www.eplan.help/ru-ru/Infoportal/Content/Plattform/20
  ❌ Ошибка загрузки

[463/2007] https://www.eplan.help/ru-ru/Infoportal/Content/Plattform/20
  ❌ Ошибка загрузки

[464/2007] https://www.eplan.help/ru-ru/Infoportal/Content/Plattform/20
  ❌ Ошибка загрузки

[465/2007] https://www.eplan.help/ru-ru/Infoportal/Content/Plattform/20
  ❌ Ошибка загрузки

[466/2007] https://www.eplan.help/ru-ru/Infoportal/Content/Plattform/20
  ❌ Ошибка загрузки

[467/2007] https://www.eplan.help/ru-ru/Infoportal/Content/Plattform/20
  ❌ Ошибка загрузки

[468/2007] https://www.eplan.help/ru-ru/Infoportal/Content/Plattform/20
  ❌ Ошибка загрузки

[469/2007] https://www.eplan.help/ru-ru/Infoportal/Content/Plattform/20
  ❌ Ошибка загрузки

[470/2007] https://www.eplan.help/ru-ru/Infoportal/Content/Plattform/20
  ❌ Ошибка загрузки

[471/2007] https://www.eplan.help/ru-ru/Infoportal/Content/Plattform/20
  ❌ Ошибка загрузки

[472/2007] https://www.eplan.help/ru-ru/Infoportal/Content/Plattform/20
  ❌ Ошибка загрузки

[473/2007] https://www.eplan.help/ru-ru/Infoportal/Content/Plattform/20
  ❌ Ошибка загрузки

[474/2007] https://www.eplan.help/ru-ru/Infoportal/Content/Plattform/20
  ❌ Ошибка загрузки

[475/2007] https://www.eplan.help/ru-ru/Infoportal/Content/Plattform/20
  ❌ Ошибка загрузки

[476/2007] https://www.eplan.help/ru-ru/Infoportal/Content/Plattform/20
  ❌ Ошибка загрузки

[477/2007] https://www.eplan.help/ru-ru/Infoportal/Content/Plattform/20
  ❌ Ошибка загрузки

[478/2007] https://www.eplan.help/ru-ru/Infoportal/Content/Plattform/20
  ❌ Ошибка загрузки

[479/2007] https://www.eplan.help/ru-ru/Infoportal/Content/Plattform/20
  ❌ Ошибка загрузки

[480/2007] https://www.eplan.help/ru-ru/Infoportal/Content/Plattform/20
  ❌ Ошибка загрузки

[481/2007] https://www.eplan.help/ru-ru/Infoportal/Content/Plattform/20
  ❌ Ошибка загрузки

[482/2007] https://www.eplan.help/ru-ru/Infoportal/Content/Plattform/20
  ❌ Ошибка загрузки

[483/2007] https://www.eplan.help/ru-ru/Infoportal/Content/Plattform/20
  ❌ Ошибка загрузки

[484/2007] https://www.eplan.help/ru-ru/Infoportal/Content/Plattform/20
  ❌ Ошибка загрузки

[485/2007] https://www.eplan.help/ru-ru/Infoportal/Content/Plattform/20
  ❌ Ошибка загрузки

[486/2007] https://www.eplan.help/ru-ru/Infoportal/Content/Plattform/20
  ❌ Ошибка загрузки

[487/2007] https://www.eplan.help/ru-ru/Infoportal/Content/Plattform/20
  ❌ Ошибка загрузки

[488/2007] https://www.eplan.help/ru-ru/Infoportal/Content/Plattform/20
  ❌ Ошибка загрузки

[489/2007] https://www.eplan.help/ru-ru/Infoportal/Content/Plattform/20
  ❌ Ошибка загрузки

[490/2007] https://www.eplan.help/ru-ru/Infoportal/Content/Plattform/20
  ❌ Ошибка загрузки

[491/2007] https://www.eplan.help/ru-ru/Infoportal/Content/Plattform/20
  ❌ Ошибка загрузки

[492/2007] https://www.eplan.help/ru-ru/Infoportal/Content/Plattform/20
  ❌ Ошибка загрузки

[493/2007] https://www.eplan.help/ru-ru/Infoportal/Content/Plattform/20
  ❌ Ошибка загрузки

[494/2007] https://www.eplan.help/ru-ru/Infoportal/Content/Plattform/20
  ❌ Ошибка загрузки

[495/2007] https://www.eplan.help/ru-ru/Infoportal/Content/Plattform/20
  ❌ Ошибка загрузки

[496/2007] https://www.eplan.help/ru-ru/Infoportal/Content/Plattform/20
  ❌ Ошибка загрузки

[497/2007] https://www.eplan.help/ru-ru/Infoportal/Content/Plattform/20
  ❌ Ошибка загрузки

[498/2007] https://www.eplan.help/ru-ru/Infoportal/Content/Plattform/20
  ❌ Ошибка загрузки

[499/2007] https://www.eplan.help/ru-ru/Infoportal/Content/Plattform/20
  ❌ Ошибка загрузки

[500/2007] https://www.eplan.help/ru-ru/Infoportal/Content/Plattform/20
  ❌ Ошибка загрузки

[501/2007] https://www.eplan.help/ru-ru/Infoportal/Content/Plattform/20
  ❌ Ошибка загрузки

[502/2007] https://www.eplan.help/ru-ru/Infoportal/Content/Plattform/20
  ❌ Ошибка загрузки

[503/2007] https://www.eplan.help/ru-ru/Infoportal/Content/Plattform/20
  ❌ Ошибка загрузки

[504/2007] https://www.eplan.help/ru-ru/Infoportal/Content/Plattform/20
  ❌ Ошибка загрузки

[505/2007] https://www.eplan.help/ru-ru/Infoportal/Content/Plattform/20
  ❌ Ошибка загрузки

[506/2007] https://www.eplan.help/ru-ru/Infoportal/Content/Plattform/20
  ❌ Ошибка загрузки

[507/2007] https://www.eplan.help/ru-ru/Infoportal/Content/Plattform/20
  ❌ Ошибка загрузки

[508/2007] https://www.eplan.help/ru-ru/Infoportal/Content/Plattform/20
  ❌ Ошибка загрузки

[509/2007] https://www.eplan.help/ru-ru/Infoportal/Content/Plattform/20
  ❌ Ошибка загрузки

[510/2007] https://www.eplan.help/ru-ru/Infoportal/Content/Plattform/20
  ❌ Ошибка загрузки

[511/2007] https://www.eplan.help/ru-ru/Infoportal/Content/Plattform/20
  ❌ Ошибка загрузки

[512/2007] https://www.eplan.help/ru-ru/Infoportal/Content/Plattform/20
  ❌ Ошибка загрузки

[513/2007] https://www.eplan.help/ru-ru/Infoportal/Content/Plattform/20
  ❌ Ошибка загрузки

[514/2007] https://www.eplan.help/ru-ru/Infoportal/Content/Plattform/20
  ❌ Ошибка загрузки

[515/2007] https://www.eplan.help/ru-ru/Infoportal/Content/Plattform/20
  ❌ Ошибка загрузки

[516/2007] https://www.eplan.help/ru-ru/Infoportal/Content/Plattform/20
  ❌ Ошибка загрузки

[517/2007] https://www.eplan.help/ru-ru/Infoportal/Content/Plattform/20
  ❌ Ошибка загрузки

[518/2007] https://www.eplan.help/ru-ru/Infoportal/Content/Plattform/20
  ❌ Ошибка загрузки

[519/2007] https://www.eplan.help/ru-ru/Infoportal/Content/Plattform/20
  ❌ Ошибка загрузки

[520/2007] https://www.eplan.help/ru-ru/Infoportal/Content/Plattform/20
  ❌ Ошибка загрузки

[521/2007] https://www.eplan.help/ru-ru/Infoportal/Content/Plattform/20
  ❌ Ошибка загрузки

[522/2007] https://www.eplan.help/ru-ru/Infoportal/Content/Plattform/20
  ❌ Ошибка загрузки

[523/2007] https://www.eplan.help/ru-ru/Infoportal/Content/Plattform/20
  ❌ Ошибка загрузки

[524/2007] https://www.eplan.help/ru-ru/Infoportal/Content/Plattform/20
  ❌ Ошибка загрузки

[525/2007] https://www.eplan.help/ru-ru/Infoportal/Content/Plattform/20
  ❌ Ошибка загрузки

[526/2007] https://www.eplan.help/ru-ru/Infoportal/Content/Plattform/20
  ❌ Ошибка загрузки

[527/2007] https://www.eplan.help/ru-ru/Infoportal/Content/Plattform/20
  ❌ Ошибка загрузки

[528/2007] https://www.eplan.help/ru-ru/Infoportal/Content/Plattform/20
  ❌ Ошибка загрузки

[529/2007] https://www.eplan.help/ru-ru/Infoportal/Content/Plattform/20
  ❌ Ошибка загрузки

[530/2007] https://www.eplan.help/ru-ru/Infoportal/Content/Plattform/20
  ❌ Ошибка загрузки

[531/2007] https://www.eplan.help/ru-ru/Infoportal/Content/Plattform/20
  ❌ Ошибка загрузки

[532/2007] https://www.eplan.help/ru-ru/Infoportal/Content/Plattform/20
  ❌ Ошибка загрузки

[533/2007] https://www.eplan.help/ru-ru/Infoportal/Content/Plattform/20
  ❌ Ошибка загрузки

[534/2007] https://www.eplan.help/ru-ru/Infoportal/Content/Plattform/20
  ❌ Ошибка загрузки

[535/2007] https://www.eplan.help/ru-ru/Infoportal/Content/Plattform/20
  ❌ Ошибка загрузки

[536/2007] https://www.eplan.help/ru-ru/Infoportal/Content/Plattform/20
  ❌ Ошибка загрузки

[537/2007] https://www.eplan.help/ru-ru/Infoportal/Content/Plattform/20
  ❌ Ошибка загрузки

[538/2007] https://www.eplan.help/ru-ru/Infoportal/Content/Plattform/20
  ❌ Ошибка загрузки

[539/2007] https://www.eplan.help/ru-ru/Infoportal/Content/Plattform/20
  ❌ Ошибка загрузки

[540/2007] https://www.eplan.help/ru-ru/Infoportal/Content/Plattform/20
  ❌ Ошибка загрузки

[541/2007] https://www.eplan.help/ru-ru/Infoportal/Content/Plattform/20
  ❌ Ошибка загрузки

[542/2007] https://www.eplan.help/ru-ru/Infoportal/Content/Plattform/20
  ❌ Ошибка загрузки

[543/2007] https://www.eplan.help/ru-ru/Infoportal/Content/Plattform/20
  ❌ Ошибка загрузки

[544/2007] https://www.eplan.help/ru-ru/Infoportal/Content/Plattform/20
  ❌ Ошибка загрузки

[545/2007] https://www.eplan.help/ru-ru/Infoportal/Content/Plattform/20
  ❌ Ошибка загрузки

[546/2007] https://www.eplan.help/ru-ru/Infoportal/Content/Plattform/20
  ❌ Ошибка загрузки

[547/2007] https://www.eplan.help/ru-ru/Infoportal/Content/Plattform/20
  ❌ Ошибка загрузки

[548/2007] https://www.eplan.help/ru-ru/Infoportal/Content/Plattform/20
  ❌ Ошибка загрузки

[549/2007] https://www.eplan.help/ru-ru/Infoportal/Content/Plattform/20
  ❌ Ошибка загрузки

[550/2007] https://www.eplan.help/ru-ru/Infoportal/Content/Plattform/20
  ❌ Ошибка загрузки

[551/2007] https://www.eplan.help/ru-ru/Infoportal/Content/Plattform/20
  ❌ Ошибка загрузки

[552/2007] https://www.eplan.help/ru-ru/Infoportal/Content/Plattform/20
  ❌ Ошибка загрузки

[553/2007] https://www.eplan.help/ru-ru/Infoportal/Content/Plattform/20
  ❌ Ошибка загрузки

[554/2007] https://www.eplan.help/ru-ru/Infoportal/Content/Plattform/20
  ❌ Ошибка загрузки

[555/2007] https://www.eplan.help/ru-ru/Infoportal/Content/Plattform/20
  ❌ Ошибка загрузки

[556/2007] https://www.eplan.help/ru-ru/Infoportal/Content/Plattform/20
  ❌ Ошибка загрузки

[557/2007] https://www.eplan.help/ru-ru/Infoportal/Content/Plattform/20
  ❌ Ошибка загрузки

[558/2007] https://www.eplan.help/ru-ru/Infoportal/Content/Plattform/20
  ❌ Ошибка загрузки

[559/2007] https://www.eplan.help/ru-ru/Infoportal/Content/Plattform/20
  ❌ Ошибка загрузки

[560/2007] https://www.eplan.help/ru-ru/Infoportal/Content/Plattform/20
  ❌ Ошибка загрузки

[561/2007] https://www.eplan.help/ru-ru/Infoportal/Content/Plattform/20
  ❌ Ошибка загрузки

[562/2007] https://www.eplan.help/ru-ru/Infoportal/Content/Plattform/20
  ❌ Ошибка загрузки

[563/2007] https://www.eplan.help/ru-ru/Infoportal/Content/Plattform/20
  ❌ Ошибка загрузки

[564/2007] https://www.eplan.help/ru-ru/Infoportal/Content/Plattform/20
  ❌ Ошибка загрузки

[565/2007] https://www.eplan.help/ru-ru/Infoportal/Content/Plattform/20
  ❌ Ошибка загрузки

[566/2007] https://www.eplan.help/ru-ru/Infoportal/Content/Plattform/20
  ❌ Ошибка загрузки

[567/2007] https://www.eplan.help/ru-ru/Infoportal/Content/Plattform/20
  ❌ Ошибка загрузки

[568/2007] https://www.eplan.help/ru-ru/Infoportal/Content/Plattform/20
  ❌ Ошибка загрузки

[569/2007] https://www.eplan.help/ru-ru/Infoportal/Content/Plattform/20
  ❌ Ошибка загрузки

[570/2007] https://www.eplan.help/ru-ru/Infoportal/Content/Plattform/20
  ❌ Ошибка загрузки

[571/2007] https://www.eplan.help/ru-ru/Infoportal/Content/Plattform/20
  ❌ Ошибка загрузки

[572/2007] https://www.eplan.help/ru-ru/Infoportal/Content/Plattform/20
  ❌ Ошибка загрузки

[573/2007] https://www.eplan.help/ru-ru/Infoportal/Content/Plattform/20
  ❌ Ошибка загрузки

[574/2007] https://www.eplan.help/ru-ru/Infoportal/Content/Plattform/20
  ❌ Ошибка загрузки

[575/2007] https://www.eplan.help/ru-ru/Infoportal/Content/Plattform/20
  ❌ Ошибка загрузки

[576/2007] https://www.eplan.help/ru-ru/Infoportal/Content/Plattform/20
  ❌ Ошибка загрузки

[577/2007] https://www.eplan.help/ru-ru/Infoportal/Content/Plattform/20
  ❌ Ошибка загрузки

[578/2007] https://www.eplan.help/ru-ru/Infoportal/Content/Plattform/20
  ❌ Ошибка загрузки

[579/2007] https://www.eplan.help/ru-ru/Infoportal/Content/Plattform/20
  ❌ Ошибка загрузки

[580/2007] https://www.eplan.help/ru-ru/Infoportal/Content/Plattform/20
  ❌ Ошибка загрузки

[581/2007] https://www.eplan.help/ru-ru/Infoportal/Content/Plattform/20
  ❌ Ошибка загрузки

[582/2007] https://www.eplan.help/ru-ru/Infoportal/Content/Plattform/20
  ❌ Ошибка загрузки

[583/2007] https://www.eplan.help/ru-ru/Infoportal/Content/Plattform/20
  ❌ Ошибка загрузки

[584/2007] https://www.eplan.help/ru-ru/Infoportal/Content/Plattform/20
  ❌ Ошибка загрузки

[585/2007] https://www.eplan.help/ru-ru/Infoportal/Content/Plattform/20
  ❌ Ошибка загрузки

[586/2007] https://www.eplan.help/ru-ru/Infoportal/Content/Plattform/20
  ❌ Ошибка загрузки

[587/2007] https://www.eplan.help/ru-ru/Infoportal/Content/Plattform/20
  ❌ Ошибка загрузки

[588/2007] https://www.eplan.help/ru-ru/Infoportal/Content/Plattform/20
  ❌ Ошибка загрузки

[589/2007] https://www.eplan.help/ru-ru/Infoportal/Content/Plattform/20
  ❌ Ошибка загрузки

[590/2007] https://www.eplan.help/ru-ru/Infoportal/Content/Plattform/20
  ❌ Ошибка загрузки

[591/2007] https://www.eplan.help/ru-ru/Infoportal/Content/Plattform/20
  ❌ Ошибка загрузки

[592/2007] https://www.eplan.help/ru-ru/Infoportal/Content/Plattform/20
  ❌ Ошибка загрузки

[593/2007] https://www.eplan.help/ru-ru/Infoportal/Content/Plattform/20
  ❌ Ошибка загрузки

[594/2007] https://www.eplan.help/ru-ru/Infoportal/Content/Plattform/20
  ❌ Ошибка загрузки

[595/2007] https://www.eplan.help/ru-ru/Infoportal/Content/Plattform/20
  ❌ Ошибка загрузки

[596/2007] https://www.eplan.help/ru-ru/Infoportal/Content/Plattform/20
  ❌ Ошибка загрузки

[597/2007] https://www.eplan.help/ru-ru/Infoportal/Content/Plattform/20
  ❌ Ошибка загрузки

[598/2007] https://www.eplan.help/ru-ru/Infoportal/Content/Plattform/20
  ❌ Ошибка загрузки

[599/2007] https://www.eplan.help/ru-ru/Infoportal/Content/Plattform/20
  ❌ Ошибка загрузки

[600/2007] https://www.eplan.help/ru-ru/Infoportal/Content/Plattform/20
  ❌ Ошибка загрузки

[601/2007] https://www.eplan.help/ru-ru/Infoportal/Content/Plattform/20
  ❌ Ошибка загрузки

[602/2007] https://www.eplan.help/ru-ru/Infoportal/Content/Plattform/20
  ❌ Ошибка загрузки

[603/2007] https://www.eplan.help/ru-ru/Infoportal/Content/Plattform/20
  ❌ Ошибка загрузки

[604/2007] https://www.eplan.help/ru-ru/Infoportal/Content/Plattform/20
  ❌ Ошибка загрузки

[605/2007] https://www.eplan.help/ru-ru/Infoportal/Content/Plattform/20
  ❌ Ошибка загрузки

[606/2007] https://www.eplan.help/ru-ru/Infoportal/Content/Plattform/20
  ❌ Ошибка загрузки

[607/2007] https://www.eplan.help/ru-ru/Infoportal/Content/Plattform/20
  ❌ Ошибка загрузки

[608/2007] https://www.eplan.help/ru-ru/Infoportal/Content/Plattform/20
  ❌ Ошибка загрузки

[609/2007] https://www.eplan.help/ru-ru/Infoportal/Content/Plattform/20
  ❌ Ошибка загрузки

[610/2007] https://www.eplan.help/ru-ru/Infoportal/Content/Plattform/20
  ❌ Ошибка загрузки

[611/2007] https://www.eplan.help/ru-ru/Infoportal/Content/Plattform/20
  ❌ Ошибка загрузки

[612/2007] https://www.eplan.help/ru-ru/Infoportal/Content/Plattform/20
  ❌ Ошибка загрузки

[613/2007] https://www.eplan.help/ru-ru/Infoportal/Content/Plattform/20
  ❌ Ошибка загрузки

[614/2007] https://www.eplan.help/ru-ru/Infoportal/Content/Plattform/20
  ❌ Ошибка загрузки

[615/2007] https://www.eplan.help/ru-ru/Infoportal/Content/Plattform/20
  ❌ Ошибка загрузки

[616/2007] https://www.eplan.help/ru-ru/Infoportal/Content/Plattform/20
  ❌ Ошибка загрузки

[617/2007] https://www.eplan.help/ru-ru/Infoportal/Content/Plattform/20
  ❌ Ошибка загрузки

[618/2007] https://www.eplan.help/ru-ru/Infoportal/Content/Plattform/20
  ❌ Ошибка загрузки

[619/2007] https://www.eplan.help/ru-ru/Infoportal/Content/Plattform/20
  ❌ Ошибка загрузки

[620/2007] https://www.eplan.help/ru-ru/Infoportal/Content/Plattform/20
  ❌ Ошибка загрузки

[621/2007] https://www.eplan.help/ru-ru/Infoportal/Content/Plattform/20
  ❌ Ошибка загрузки

[622/2007] https://www.eplan.help/ru-ru/Infoportal/Content/Plattform/20
  ❌ Ошибка загрузки

[623/2007] https://www.eplan.help/ru-ru/Infoportal/Content/Plattform/20
  ❌ Ошибка загрузки

[624/2007] https://www.eplan.help/ru-ru/Infoportal/Content/Plattform/20
  ❌ Ошибка загрузки

[625/2007] https://www.eplan.help/ru-ru/Infoportal/Content/Plattform/20
  ❌ Ошибка загрузки

[626/2007] https://www.eplan.help/ru-ru/Infoportal/Content/Plattform/20
  ❌ Ошибка загрузки

[627/2007] https://www.eplan.help/ru-ru/Infoportal/Content/Plattform/20
  ❌ Ошибка загрузки

[628/2007] https://www.eplan.help/ru-ru/Infoportal/Content/Plattform/20
  ❌ Ошибка загрузки

[629/2007] https://www.eplan.help/ru-ru/Infoportal/Content/Plattform/20
  ❌ Ошибка загрузки

[630/2007] https://www.eplan.help/ru-ru/Infoportal/Content/Plattform/20
  ❌ Ошибка загрузки

[631/2007] https://www.eplan.help/ru-ru/Infoportal/Content/Plattform/20
  ❌ Ошибка загрузки

[632/2007] https://www.eplan.help/ru-ru/Infoportal/Content/Plattform/20
  ❌ Ошибка загрузки

[633/2007] https://www.eplan.help/ru-ru/Infoportal/Content/Plattform/20
  ❌ Ошибка загрузки

[634/2007] https://www.eplan.help/ru-ru/Infoportal/Content/Plattform/20
  ❌ Ошибка загрузки

[635/2007] https://www.eplan.help/ru-ru/Infoportal/Content/Plattform/20
  ❌ Ошибка загрузки

[636/2007] https://www.eplan.help/ru-ru/Infoportal/Content/Plattform/20
  ❌ Ошибка загрузки

[637/2007] https://www.eplan.help/ru-ru/Infoportal/Content/Plattform/20
  ❌ Ошибка загрузки

[638/2007] https://www.eplan.help/ru-ru/Infoportal/Content/Plattform/20
  ❌ Ошибка загрузки

[639/2007] https://www.eplan.help/ru-ru/Infoportal/Content/Plattform/20
  ❌ Ошибка загрузки

[640/2007] https://www.eplan.help/ru-ru/Infoportal/Content/Plattform/20
  ❌ Ошибка загрузки

[641/2007] https://www.eplan.help/ru-ru/Infoportal/Content/Plattform/20
  ❌ Ошибка загрузки

[642/2007] https://www.eplan.help/ru-ru/Infoportal/Content/Plattform/20
  ❌ Ошибка загрузки

[643/2007] https://www.eplan.help/ru-ru/Infoportal/Content/Plattform/20
  ❌ Ошибка загрузки

[644/2007] https://www.eplan.help/ru-ru/Infoportal/Content/Plattform/20
  ❌ Ошибка загрузки

[645/2007] https://www.eplan.help/ru-ru/Infoportal/Content/Plattform/20
  ❌ Ошибка загрузки

[646/2007] https://www.eplan.help/ru-ru/Infoportal/Content/Plattform/20
  ❌ Ошибка загрузки

[647/2007] https://www.eplan.help/ru-ru/Infoportal/Content/Plattform/20
  ❌ Ошибка загрузки

[648/2007] https://www.eplan.help/ru-ru/Infoportal/Content/Plattform/20
  ❌ Ошибка загрузки

[649/2007] https://www.eplan.help/ru-ru/Infoportal/Content/Plattform/20
  ❌ Ошибка загрузки

[650/2007] https://www.eplan.help/ru-ru/Infoportal/Content/Plattform/20
  ❌ Ошибка загрузки

[651/2007] https://www.eplan.help/ru-ru/Infoportal/Content/Plattform/20
  ❌ Ошибка загрузки

[652/2007] https://www.eplan.help/ru-ru/Infoportal/Content/Plattform/20
  ❌ Ошибка загрузки

[653/2007] https://www.eplan.help/ru-ru/Infoportal/Content/Plattform/20
  ❌ Ошибка загрузки

[654/2007] https://www.eplan.help/ru-ru/Infoportal/Content/Plattform/20
  ❌ Ошибка загрузки

[655/2007] https://www.eplan.help/ru-ru/Infoportal/Content/Plattform/20
  ❌ Ошибка загрузки

[656/2007] https://www.eplan.help/ru-ru/Infoportal/Content/Plattform/20
  ❌ Ошибка загрузки

[657/2007] https://www.eplan.help/ru-ru/Infoportal/Content/Plattform/20
  ❌ Ошибка загрузки

[658/2007] https://www.eplan.help/ru-ru/Infoportal/Content/Plattform/20
  ❌ Ошибка загрузки

[659/2007] https://www.eplan.help/ru-ru/Infoportal/Content/Plattform/20
  ❌ Ошибка загрузки

[660/2007] https://www.eplan.help/ru-ru/Infoportal/Content/Plattform/20
  ❌ Ошибка загрузки

[661/2007] https://www.eplan.help/ru-ru/Infoportal/Content/Plattform/20
  ❌ Ошибка загрузки

[662/2007] https://www.eplan.help/ru-ru/Infoportal/Content/Plattform/20
  ❌ Ошибка загрузки

[663/2007] https://www.eplan.help/ru-ru/Infoportal/Content/Plattform/20
  ❌ Ошибка загрузки

[664/2007] https://www.eplan.help/ru-ru/Infoportal/Content/Plattform/20
  ❌ Ошибка загрузки

[665/2007] https://www.eplan.help/ru-ru/Infoportal/Content/Plattform/20
  ❌ Ошибка загрузки

[666/2007] https://www.eplan.help/ru-ru/Infoportal/Content/Plattform/20
  ❌ Ошибка загрузки

[667/2007] https://www.eplan.help/ru-ru/Infoportal/Content/Plattform/20
  ❌ Ошибка загрузки

[668/2007] https://www.eplan.help/ru-ru/Infoportal/Content/Plattform/20
  ❌ Ошибка загрузки

[669/2007] https://www.eplan.help/ru-ru/Infoportal/Content/Plattform/20
  ❌ Ошибка загрузки

[670/2007] https://www.eplan.help/ru-ru/Infoportal/Content/Plattform/20
  ❌ Ошибка загрузки

[671/2007] https://www.eplan.help/ru-ru/Infoportal/Content/Plattform/20
  ❌ Ошибка загрузки

[672/2007] https://www.eplan.help/ru-ru/Infoportal/Content/Plattform/20
  ❌ Ошибка загрузки

[673/2007] https://www.eplan.help/ru-ru/Infoportal/Content/Plattform/20
  ❌ Ошибка загрузки

[674/2007] https://www.eplan.help/ru-ru/Infoportal/Content/Plattform/20
  ❌ Ошибка загрузки

[675/2007] https://www.eplan.help/ru-ru/Infoportal/Content/Plattform/20
  ❌ Ошибка загрузки

[676/2007] https://www.eplan.help/ru-ru/Infoportal/Content/Plattform/20
  ❌ Ошибка загрузки

[677/2007] https://www.eplan.help/ru-ru/Infoportal/Content/Plattform/20
  ❌ Ошибка загрузки

[678/2007] https://www.eplan.help/ru-ru/Infoportal/Content/Plattform/20
  ❌ Ошибка загрузки

[679/2007] https://www.eplan.help/ru-ru/Infoportal/Content/Plattform/20
  ❌ Ошибка загрузки

[680/2007] https://www.eplan.help/ru-ru/Infoportal/Content/Plattform/20
  ❌ Ошибка загрузки

[681/2007] https://www.eplan.help/ru-ru/Infoportal/Content/Plattform/20
  ❌ Ошибка загрузки

[682/2007] https://www.eplan.help/ru-ru/Infoportal/Content/Plattform/20
  ❌ Ошибка загрузки

[683/2007] https://www.eplan.help/ru-ru/Infoportal/Content/Plattform/20
  ❌ Ошибка загрузки

[684/2007] https://www.eplan.help/ru-ru/Infoportal/Content/Plattform/20
  ❌ Ошибка загрузки

[685/2007] https://www.eplan.help/ru-ru/Infoportal/Content/Plattform/20
  ❌ Ошибка загрузки

[686/2007] https://www.eplan.help/ru-ru/Infoportal/Content/Plattform/20
  ❌ Ошибка загрузки

[687/2007] https://www.eplan.help/ru-ru/Infoportal/Content/Plattform/20
  ❌ Ошибка загрузки

[688/2007] https://www.eplan.help/ru-ru/Infoportal/Content/Plattform/20
  ❌ Ошибка загрузки

[689/2007] https://www.eplan.help/ru-ru/Infoportal/Content/Plattform/20
  ❌ Ошибка загрузки

[690/2007] https://www.eplan.help/ru-ru/Infoportal/Content/Plattform/20
  ❌ Ошибка загрузки

[691/2007] https://www.eplan.help/ru-ru/Infoportal/Content/Plattform/20
  ❌ Ошибка загрузки

[692/2007] https://www.eplan.help/ru-ru/Infoportal/Content/Plattform/20
  ❌ Ошибка загрузки

[693/2007] https://www.eplan.help/ru-ru/Infoportal/Content/Plattform/20
  ❌ Ошибка загрузки

[694/2007] https://www.eplan.help/ru-ru/Infoportal/Content/Plattform/20
  ❌ Ошибка загрузки

[695/2007] https://www.eplan.help/ru-ru/Infoportal/Content/Plattform/20
  ❌ Ошибка загрузки

[696/2007] https://www.eplan.help/ru-ru/Infoportal/Content/Plattform/20
  ❌ Ошибка загрузки

[697/2007] https://www.eplan.help/ru-ru/Infoportal/Content/Plattform/20
  ❌ Ошибка загрузки

[698/2007] https://www.eplan.help/ru-ru/Infoportal/Content/Plattform/20
  ❌ Ошибка загрузки

[699/2007] https://www.eplan.help/ru-ru/Infoportal/Content/Plattform/20
  ❌ Ошибка загрузки

[700/2007] https://www.eplan.help/ru-ru/Infoportal/Content/Plattform/20
  ❌ Ошибка загрузки

[701/2007] https://www.eplan.help/ru-ru/Infoportal/Content/Plattform/20
  ❌ Ошибка загрузки

[702/2007] https://www.eplan.help/ru-ru/Infoportal/Content/Plattform/20
  ❌ Ошибка загрузки

[703/2007] https://www.eplan.help/ru-ru/Infoportal/Content/Plattform/20
  ❌ Ошибка загрузки

[704/2007] https://www.eplan.help/ru-ru/Infoportal/Content/Plattform/20
  ❌ Ошибка загрузки

[705/2007] https://www.eplan.help/ru-ru/Infoportal/Content/Plattform/20
  ❌ Ошибка загрузки

[706/2007] https://www.eplan.help/ru-ru/Infoportal/Content/Plattform/20
  ❌ Ошибка загрузки

[707/2007] https://www.eplan.help/ru-ru/Infoportal/Content/Plattform/20
  ❌ Ошибка загрузки

[708/2007] https://www.eplan.help/ru-ru/Infoportal/Content/Plattform/20
  ❌ Ошибка загрузки

[709/2007] https://www.eplan.help/ru-ru/Infoportal/Content/Plattform/20
  ❌ Ошибка загрузки

[710/2007] https://www.eplan.help/ru-ru/Infoportal/Content/Plattform/20
  ❌ Ошибка загрузки

[711/2007] https://www.eplan.help/ru-ru/Infoportal/Content/Plattform/20
  ❌ Ошибка загрузки

[712/2007] https://www.eplan.help/ru-ru/Infoportal/Content/Plattform/20
  ❌ Ошибка загрузки

[713/2007] https://www.eplan.help/ru-ru/Infoportal/Content/Plattform/20
  ❌ Ошибка загрузки

[714/2007] https://www.eplan.help/ru-ru/Infoportal/Content/Plattform/20
  ❌ Ошибка загрузки

[715/2007] https://www.eplan.help/ru-ru/Infoportal/Content/Plattform/20
  ❌ Ошибка загрузки

[716/2007] https://www.eplan.help/ru-ru/Infoportal/Content/Plattform/20
  ❌ Ошибка загрузки

[717/2007] https://www.eplan.help/ru-ru/Infoportal/Content/Plattform/20
  ❌ Ошибка загрузки

[718/2007] https://www.eplan.help/ru-ru/Infoportal/Content/Plattform/20
  ❌ Ошибка загрузки

[719/2007] https://www.eplan.help/ru-ru/Infoportal/Content/Plattform/20
  ❌ Ошибка загрузки

[720/2007] https://www.eplan.help/ru-ru/Infoportal/Content/Plattform/20
  ❌ Ошибка загрузки

[721/2007] https://www.eplan.help/ru-ru/Infoportal/Content/Plattform/20
  ❌ Ошибка загрузки

[722/2007] https://www.eplan.help/ru-ru/Infoportal/Content/Plattform/20
  ❌ Ошибка загрузки

[723/2007] https://www.eplan.help/ru-ru/Infoportal/Content/Plattform/20
  ❌ Ошибка загрузки

[724/2007] https://www.eplan.help/ru-ru/Infoportal/Content/Plattform/20
  ❌ Ошибка загрузки

[725/2007] https://www.eplan.help/ru-ru/Infoportal/Content/Plattform/20
  ❌ Ошибка загрузки

[726/2007] https://www.eplan.help/ru-ru/Infoportal/Content/Plattform/20
  ❌ Ошибка загрузки

[727/2007] https://www.eplan.help/ru-ru/Infoportal/Content/Plattform/20
  ❌ Ошибка загрузки

[728/2007] https://www.eplan.help/ru-ru/Infoportal/Content/Plattform/20
  ❌ Ошибка загрузки

[729/2007] https://www.eplan.help/ru-ru/Infoportal/Content/Plattform/20
  ❌ Ошибка загрузки

[730/2007] https://www.eplan.help/ru-ru/Infoportal/Content/Plattform/20
  ❌ Ошибка загрузки

[731/2007] https://www.eplan.help/ru-ru/Infoportal/Content/Plattform/20
  ❌ Ошибка загрузки

[732/2007] https://www.eplan.help/ru-ru/Infoportal/Content/Plattform/20
  ❌ Ошибка загрузки

[733/2007] https://www.eplan.help/ru-ru/Infoportal/Content/Plattform/20
  ❌ Ошибка загрузки

[734/2007] https://www.eplan.help/ru-ru/Infoportal/Content/Plattform/20
  ❌ Ошибка загрузки

[735/2007] https://www.eplan.help/ru-ru/Infoportal/Content/Plattform/20
  ❌ Ошибка загрузки

[736/2007] https://www.eplan.help/ru-ru/Infoportal/Content/Plattform/20
  ❌ Ошибка загрузки

[737/2007] https://www.eplan.help/ru-ru/Infoportal/Content/Plattform/20
  ❌ Ошибка загрузки

[738/2007] https://www.eplan.help/ru-ru/Infoportal/Content/Plattform/20
  ❌ Ошибка загрузки

[739/2007] https://www.eplan.help/ru-ru/Infoportal/Content/Plattform/20
  ❌ Ошибка загрузки

[740/2007] https://www.eplan.help/ru-ru/Infoportal/Content/Plattform/20
  ❌ Ошибка загрузки

[741/2007] https://www.eplan.help/ru-ru/Infoportal/Content/Plattform/20
  ❌ Ошибка загрузки

[742/2007] https://www.eplan.help/ru-ru/Infoportal/Content/Plattform/20
  ❌ Ошибка загрузки

[743/2007] https://www.eplan.help/ru-ru/Infoportal/Content/Plattform/20
  ❌ Ошибка загрузки

[744/2007] https://www.eplan.help/ru-ru/Infoportal/Content/Plattform/20
  ❌ Ошибка загрузки

[745/2007] https://www.eplan.help/ru-ru/Infoportal/Content/Plattform/20
  ❌ Ошибка загрузки

[746/2007] https://www.eplan.help/ru-ru/Infoportal/Content/Plattform/20
  ❌ Ошибка загрузки

[747/2007] https://www.eplan.help/ru-ru/Infoportal/Content/Plattform/20
  ❌ Ошибка загрузки

[748/2007] https://www.eplan.help/ru-ru/Infoportal/Content/Plattform/20
  ❌ Ошибка загрузки

[749/2007] https://www.eplan.help/ru-ru/Infoportal/Content/Plattform/20
  ❌ Ошибка загрузки

[750/2007] https://www.eplan.help/ru-ru/Infoportal/Content/Plattform/20
  ❌ Ошибка загрузки

[751/2007] https://www.eplan.help/ru-ru/Infoportal/Content/Plattform/20
  ❌ Ошибка загрузки

[752/2007] https://www.eplan.help/ru-ru/Infoportal/Content/Plattform/20
  ❌ Ошибка загрузки

[753/2007] https://www.eplan.help/ru-ru/Infoportal/Content/Plattform/20
  ❌ Ошибка загрузки

[754/2007] https://www.eplan.help/ru-ru/Infoportal/Content/Plattform/20
  ❌ Ошибка загрузки

[755/2007] https://www.eplan.help/ru-ru/Infoportal/Content/Plattform/20
  ❌ Ошибка загрузки

[756/2007] https://www.eplan.help/ru-ru/Infoportal/Content/Plattform/20
  ❌ Ошибка загрузки

[757/2007] https://www.eplan.help/ru-ru/Infoportal/Content/Plattform/20
  ❌ Ошибка загрузки

[758/2007] https://www.eplan.help/ru-ru/Infoportal/Content/Plattform/20
  ❌ Ошибка загрузки

[759/2007] https://www.eplan.help/ru-ru/Infoportal/Content/Plattform/20
  ❌ Ошибка загрузки

[760/2007] https://www.eplan.help/ru-ru/Infoportal/Content/Plattform/20
  ❌ Ошибка загрузки

[761/2007] https://www.eplan.help/ru-ru/Infoportal/Content/Plattform/20
  ❌ Ошибка загрузки

[762/2007] https://www.eplan.help/ru-ru/Infoportal/Content/Plattform/20
  ❌ Ошибка загрузки

[763/2007] https://www.eplan.help/ru-ru/Infoportal/Content/Plattform/20
  ❌ Ошибка загрузки

[764/2007] https://www.eplan.help/ru-ru/Infoportal/Content/Plattform/20
  ❌ Ошибка загрузки

[765/2007] https://www.eplan.help/ru-ru/Infoportal/Content/Plattform/20
  ❌ Ошибка загрузки

[766/2007] https://www.eplan.help/ru-ru/Infoportal/Content/Plattform/20
  ❌ Ошибка загрузки

[767/2007] https://www.eplan.help/ru-ru/Infoportal/Content/Plattform/20
  ❌ Ошибка загрузки

[768/2007] https://www.eplan.help/ru-ru/Infoportal/Content/Plattform/20
  ❌ Ошибка загрузки

[769/2007] https://www.eplan.help/ru-ru/Infoportal/Content/Plattform/20
  ❌ Ошибка загрузки

[770/2007] https://www.eplan.help/ru-ru/Infoportal/Content/Plattform/20
  ❌ Ошибка загрузки

[771/2007] https://www.eplan.help/ru-ru/Infoportal/Content/Plattform/20
  ❌ Ошибка загрузки

[772/2007] https://www.eplan.help/ru-ru/Infoportal/Content/Plattform/20
  ❌ Ошибка загрузки

[773/2007] https://www.eplan.help/ru-ru/Infoportal/Content/Plattform/20
  ❌ Ошибка загрузки

[774/2007] https://www.eplan.help/ru-ru/Infoportal/Content/Plattform/20
  ❌ Ошибка загрузки

[775/2007] https://www.eplan.help/ru-ru/Infoportal/Content/Plattform/20
  ❌ Ошибка загрузки

[776/2007] https://www.eplan.help/ru-ru/Infoportal/Content/Plattform/20
  ❌ Ошибка загрузки

[777/2007] https://www.eplan.help/ru-ru/Infoportal/Content/Plattform/20
  ❌ Ошибка загрузки

[778/2007] https://www.eplan.help/ru-ru/Infoportal/Content/Plattform/20
  ❌ Ошибка загрузки

[779/2007] https://www.eplan.help/ru-ru/Infoportal/Content/Plattform/20
  ❌ Ошибка загрузки

[780/2007] https://www.eplan.help/ru-ru/Infoportal/Content/Plattform/20
  ❌ Ошибка загрузки

[781/2007] https://www.eplan.help/ru-ru/Infoportal/Content/Plattform/20
  ❌ Ошибка загрузки

[782/2007] https://www.eplan.help/ru-ru/Infoportal/Content/Plattform/20
  ❌ Ошибка загрузки

[783/2007] https://www.eplan.help/ru-ru/Infoportal/Content/Plattform/20
  ❌ Ошибка загрузки

[784/2007] https://www.eplan.help/ru-ru/Infoportal/Content/Plattform/20
  ❌ Ошибка загрузки

[785/2007] https://www.eplan.help/ru-ru/Infoportal/Content/Plattform/20
  ❌ Ошибка загрузки

[786/2007] https://www.eplan.help/ru-ru/Infoportal/Content/Plattform/20
  ❌ Ошибка загрузки

[787/2007] https://www.eplan.help/ru-ru/Infoportal/Content/Plattform/20
  ❌ Ошибка загрузки

[788/2007] https://www.eplan.help/ru-ru/Infoportal/Content/Plattform/20
  ❌ Ошибка загрузки

[789/2007] https://www.eplan.help/ru-ru/Infoportal/Content/Plattform/20
  ❌ Ошибка загрузки

[790/2007] https://www.eplan.help/ru-ru/Infoportal/Content/Plattform/20
  ❌ Ошибка загрузки

[791/2007] https://www.eplan.help/ru-ru/Infoportal/Content/Plattform/20
  ❌ Ошибка загрузки

[792/2007] https://www.eplan.help/ru-ru/Infoportal/Content/Plattform/20
  ❌ Ошибка загрузки

[793/2007] https://www.eplan.help/ru-ru/Infoportal/Content/Plattform/20
  ❌ Ошибка загрузки

[794/2007] https://www.eplan.help/ru-ru/Infoportal/Content/Plattform/20
  ❌ Ошибка загрузки

[795/2007] https://www.eplan.help/ru-ru/Infoportal/Content/Plattform/20
  ❌ Ошибка загрузки

[796/2007] https://www.eplan.help/ru-ru/Infoportal/Content/Plattform/20
  ❌ Ошибка загрузки

[797/2007] https://www.eplan.help/ru-ru/Infoportal/Content/Plattform/20
  ❌ Ошибка загрузки

[798/2007] https://www.eplan.help/ru-ru/Infoportal/Content/Plattform/20
  ❌ Ошибка загрузки

[799/2007] https://www.eplan.help/ru-ru/Infoportal/Content/Plattform/20
  ❌ Ошибка загрузки

[800/2007] https://www.eplan.help/ru-ru/Infoportal/Content/Plattform/20
  ❌ Ошибка загрузки

[801/2007] https://www.eplan.help/ru-ru/Infoportal/Content/Plattform/20
  ❌ Ошибка загрузки

[802/2007] https://www.eplan.help/ru-ru/Infoportal/Content/Plattform/20
  ❌ Ошибка загрузки

[803/2007] https://www.eplan.help/ru-ru/Infoportal/Content/Plattform/20
  ❌ Ошибка загрузки

[804/2007] https://www.eplan.help/ru-ru/Infoportal/Content/Plattform/20
  ❌ Ошибка загрузки

[805/2007] https://www.eplan.help/ru-ru/Infoportal/Content/Plattform/20
  ❌ Ошибка загрузки

[806/2007] https://www.eplan.help/ru-ru/Infoportal/Content/Plattform/20
  ❌ Ошибка загрузки

[807/2007] https://www.eplan.help/ru-ru/Infoportal/Content/Plattform/20
  ❌ Ошибка загрузки

[808/2007] https://www.eplan.help/ru-ru/Infoportal/Content/Plattform/20
  ❌ Ошибка загрузки

[809/2007] https://www.eplan.help/ru-ru/Infoportal/Content/Plattform/20
  ❌ Ошибка загрузки

[810/2007] https://www.eplan.help/ru-ru/Infoportal/Content/Plattform/20
  ❌ Ошибка загрузки

[811/2007] https://www.eplan.help/ru-ru/Infoportal/Content/Plattform/20
  ❌ Ошибка загрузки

[812/2007] https://www.eplan.help/ru-ru/Infoportal/Content/Plattform/20
  ❌ Ошибка загрузки

[813/2007] https://www.eplan.help/ru-ru/Infoportal/Content/Plattform/20
  ❌ Ошибка загрузки

[814/2007] https://www.eplan.help/ru-ru/Infoportal/Content/Plattform/20
  ❌ Ошибка загрузки

[815/2007] https://www.eplan.help/ru-ru/Infoportal/Content/Plattform/20
  ❌ Ошибка загрузки

[816/2007] https://www.eplan.help/ru-ru/Infoportal/Content/Plattform/20
  ❌ Ошибка загрузки

[817/2007] https://www.eplan.help/ru-ru/Infoportal/Content/Plattform/20
  ❌ Ошибка загрузки

[818/2007] https://www.eplan.help/ru-ru/Infoportal/Content/Plattform/20
  ❌ Ошибка загрузки

[819/2007] https://www.eplan.help/ru-ru/Infoportal/Content/Plattform/20
  ❌ Ошибка загрузки

[820/2007] https://www.eplan.help/ru-ru/Infoportal/Content/Plattform/20
  ❌ Ошибка загрузки

[821/2007] https://www.eplan.help/ru-ru/Infoportal/Content/Plattform/20
  ❌ Ошибка загрузки

[822/2007] https://www.eplan.help/ru-ru/Infoportal/Content/Plattform/20
  ❌ Ошибка загрузки

[823/2007] https://www.eplan.help/ru-ru/Infoportal/Content/Plattform/20
  ❌ Ошибка загрузки

[824/2007] https://www.eplan.help/ru-ru/Infoportal/Content/Plattform/20
  ❌ Ошибка загрузки

[825/2007] https://www.eplan.help/ru-ru/Infoportal/Content/Plattform/20
  ❌ Ошибка загрузки

[826/2007] https://www.eplan.help/ru-ru/Infoportal/Content/Plattform/20
  ❌ Ошибка загрузки

[827/2007] https://www.eplan.help/ru-ru/Infoportal/Content/Plattform/20
  ❌ Ошибка загрузки

[828/2007] https://www.eplan.help/ru-ru/Infoportal/Content/Plattform/20
  ❌ Ошибка загрузки

[829/2007] https://www.eplan.help/ru-ru/Infoportal/Content/Plattform/20
  ❌ Ошибка загрузки

[830/2007] https://www.eplan.help/ru-ru/Infoportal/Content/Plattform/20
  ❌ Ошибка загрузки

[831/2007] https://www.eplan.help/ru-ru/Infoportal/Content/Plattform/20
  ❌ Ошибка загрузки

[832/2007] https://www.eplan.help/ru-ru/Infoportal/Content/Plattform/20
  ❌ Ошибка загрузки

[833/2007] https://www.eplan.help/ru-ru/Infoportal/Content/Plattform/20
  ❌ Ошибка загрузки

[834/2007] https://www.eplan.help/ru-ru/Infoportal/Content/Plattform/20
  ❌ Ошибка загрузки

[835/2007] https://www.eplan.help/ru-ru/Infoportal/Content/Plattform/20
  ❌ Ошибка загрузки

[836/2007] https://www.eplan.help/ru-ru/Infoportal/Content/Plattform/20
  ❌ Ошибка загрузки

[837/2007] https://www.eplan.help/ru-ru/Infoportal/Content/Plattform/20
  ❌ Ошибка загрузки

[838/2007] https://www.eplan.help/ru-ru/Infoportal/Content/Plattform/20
  ❌ Ошибка загрузки

[839/2007] https://www.eplan.help/ru-ru/Infoportal/Content/Plattform/20
  ❌ Ошибка загрузки

[840/2007] https://www.eplan.help/ru-ru/Infoportal/Content/Plattform/20
  ❌ Ошибка загрузки

[841/2007] https://www.eplan.help/ru-ru/Infoportal/Content/Plattform/20
  ❌ Ошибка загрузки

[842/2007] https://www.eplan.help/ru-ru/Infoportal/Content/Plattform/20
  ❌ Ошибка загрузки

[843/2007] https://www.eplan.help/ru-ru/Infoportal/Content/Plattform/20
  ❌ Ошибка загрузки

[844/2007] https://www.eplan.help/ru-ru/Infoportal/Content/Plattform/20
  ❌ Ошибка загрузки

[845/2007] https://www.eplan.help/ru-ru/Infoportal/Content/Plattform/20
  ❌ Ошибка загрузки

[846/2007] https://www.eplan.help/ru-ru/Infoportal/Content/Plattform/20
  ❌ Ошибка загрузки

[847/2007] https://www.eplan.help/ru-ru/Infoportal/Content/Plattform/20
  ❌ Ошибка загрузки

[848/2007] https://www.eplan.help/ru-ru/Infoportal/Content/Plattform/20
  ❌ Ошибка загрузки

[849/2007] https://www.eplan.help/ru-ru/Infoportal/Content/Plattform/20
  ❌ Ошибка загрузки

[850/2007] https://www.eplan.help/ru-ru/Infoportal/Content/Plattform/20
  ❌ Ошибка загрузки

[851/2007] https://www.eplan.help/ru-ru/Infoportal/Content/Plattform/20
  ❌ Ошибка загрузки

[852/2007] https://www.eplan.help/ru-ru/Infoportal/Content/Plattform/20
  ❌ Ошибка загрузки

[853/2007] https://www.eplan.help/ru-ru/Infoportal/Content/Plattform/20
  ❌ Ошибка загрузки

[854/2007] https://www.eplan.help/ru-ru/Infoportal/Content/Plattform/20
  ❌ Ошибка загрузки

[855/2007] https://www.eplan.help/ru-ru/Infoportal/Content/Plattform/20
  ❌ Ошибка загрузки

[856/2007] https://www.eplan.help/ru-ru/Infoportal/Content/Plattform/20
  ❌ Ошибка загрузки

[857/2007] https://www.eplan.help/ru-ru/Infoportal/Content/Plattform/20
  ❌ Ошибка загрузки

[858/2007] https://www.eplan.help/ru-ru/Infoportal/Content/Plattform/20
  ❌ Ошибка загрузки

[859/2007] https://www.eplan.help/ru-ru/Infoportal/Content/Plattform/20
  ❌ Ошибка загрузки

[860/2007] https://www.eplan.help/ru-ru/Infoportal/Content/Plattform/20
  ❌ Ошибка загрузки

[861/2007] https://www.eplan.help/ru-ru/Infoportal/Content/Plattform/20
  ❌ Ошибка загрузки

[862/2007] https://www.eplan.help/ru-ru/Infoportal/Content/Plattform/20
  ❌ Ошибка загрузки

[863/2007] https://www.eplan.help/ru-ru/Infoportal/Content/Plattform/20
  ❌ Ошибка загрузки

[864/2007] https://www.eplan.help/ru-ru/Infoportal/Content/Plattform/20
  ❌ Ошибка загрузки

[865/2007] https://www.eplan.help/ru-ru/Infoportal/Content/Plattform/20
  ❌ Ошибка загрузки

[866/2007] https://www.eplan.help/ru-ru/Infoportal/Content/Plattform/20
  ❌ Ошибка загрузки

[867/2007] https://www.eplan.help/ru-ru/Infoportal/Content/Plattform/20
  ❌ Ошибка загрузки

[868/2007] https://www.eplan.help/ru-ru/Infoportal/Content/Plattform/20
  ❌ Ошибка загрузки

[869/2007] https://www.eplan.help/ru-ru/Infoportal/Content/Plattform/20
  ❌ Ошибка загрузки

[870/2007] https://www.eplan.help/ru-ru/Infoportal/Content/Plattform/20
  ❌ Ошибка загрузки

[871/2007] https://www.eplan.help/ru-ru/Infoportal/Content/Plattform/20
  ❌ Ошибка загрузки

[872/2007] https://www.eplan.help/ru-ru/Infoportal/Content/Plattform/20
  ❌ Ошибка загрузки

[873/2007] https://www.eplan.help/ru-ru/Infoportal/Content/Plattform/20
  ❌ Ошибка загрузки

[874/2007] https://www.eplan.help/ru-ru/Infoportal/Content/Plattform/20
  ❌ Ошибка загрузки

[875/2007] https://www.eplan.help/ru-ru/Infoportal/Content/Plattform/20
  ❌ Ошибка загрузки

[876/2007] https://www.eplan.help/ru-ru/Infoportal/Content/Plattform/20
  ❌ Ошибка загрузки

[877/2007] https://www.eplan.help/ru-ru/Infoportal/Content/Plattform/20
  ❌ Ошибка загрузки

[878/2007] https://www.eplan.help/ru-ru/Infoportal/Content/Plattform/20
  ❌ Ошибка загрузки

[879/2007] https://www.eplan.help/ru-ru/Infoportal/Content/Plattform/20
  ❌ Ошибка загрузки

[880/2007] https://www.eplan.help/ru-ru/Infoportal/Content/Plattform/20
  ❌ Ошибка загрузки

[881/2007] https://www.eplan.help/ru-ru/Infoportal/Content/Plattform/20
  ❌ Ошибка загрузки

[882/2007] https://www.eplan.help/ru-ru/Infoportal/Content/Plattform/20
  ❌ Ошибка загрузки

[883/2007] https://www.eplan.help/ru-ru/Infoportal/Content/Plattform/20
  ❌ Ошибка загрузки

[884/2007] https://www.eplan.help/ru-ru/Infoportal/Content/Plattform/20
  ❌ Ошибка загрузки

[885/2007] https://www.eplan.help/ru-ru/Infoportal/Content/Plattform/20
  ❌ Ошибка загрузки

[886/2007] https://www.eplan.help/ru-ru/Infoportal/Content/Plattform/20
  ❌ Ошибка загрузки

[887/2007] https://www.eplan.help/ru-ru/Infoportal/Content/Plattform/20
  ❌ Ошибка загрузки

[888/2007] https://www.eplan.help/ru-ru/Infoportal/Content/Plattform/20
  ❌ Ошибка загрузки

[889/2007] https://www.eplan.help/ru-ru/Infoportal/Content/Plattform/20
  ❌ Ошибка загрузки

[890/2007] https://www.eplan.help/ru-ru/Infoportal/Content/Plattform/20
  ❌ Ошибка загрузки

[891/2007] https://www.eplan.help/ru-ru/Infoportal/Content/Plattform/20
  ❌ Ошибка загрузки

[892/2007] https://www.eplan.help/ru-ru/Infoportal/Content/Plattform/20
  ❌ Ошибка загрузки

[893/2007] https://www.eplan.help/ru-ru/Infoportal/Content/Plattform/20
  ❌ Ошибка загрузки

[894/2007] https://www.eplan.help/ru-ru/Infoportal/Content/Plattform/20
  ❌ Ошибка загрузки

[895/2007] https://www.eplan.help/ru-ru/Infoportal/Content/Plattform/20
  ❌ Ошибка загрузки

[896/2007] https://www.eplan.help/ru-ru/Infoportal/Content/Plattform/20
  ❌ Ошибка загрузки

[897/2007] https://www.eplan.help/ru-ru/Infoportal/Content/Plattform/20
  ❌ Ошибка загрузки

[898/2007] https://www.eplan.help/ru-ru/Infoportal/Content/Plattform/20
  ❌ Ошибка загрузки

[899/2007] https://www.eplan.help/ru-ru/Infoportal/Content/Plattform/20
  ❌ Ошибка загрузки

[900/2007] https://www.eplan.help/ru-ru/Infoportal/Content/Plattform/20
  ❌ Ошибка загрузки

[901/2007] https://www.eplan.help/ru-ru/Infoportal/Content/Plattform/20
  ❌ Ошибка загрузки

[902/2007] https://www.eplan.help/ru-ru/Infoportal/Content/Plattform/20
  ❌ Ошибка загрузки

[903/2007] https://www.eplan.help/ru-ru/Infoportal/Content/Plattform/20
  ❌ Ошибка загрузки

[904/2007] https://www.eplan.help/ru-ru/Infoportal/Content/Plattform/20
  ❌ Ошибка загрузки

[905/2007] https://www.eplan.help/ru-ru/Infoportal/Content/Plattform/20
  ❌ Ошибка загрузки

[906/2007] https://www.eplan.help/ru-ru/Infoportal/Content/Plattform/20
  ❌ Ошибка загрузки

[907/2007] https://www.eplan.help/ru-ru/Infoportal/Content/Plattform/20
  ❌ Ошибка загрузки

[908/2007] https://www.eplan.help/ru-ru/Infoportal/Content/Plattform/20
  ❌ Ошибка загрузки

[909/2007] https://www.eplan.help/ru-ru/Infoportal/Content/Plattform/20
  ❌ Ошибка загрузки

[910/2007] https://www.eplan.help/ru-ru/Infoportal/Content/Plattform/20
  ❌ Ошибка загрузки

[911/2007] https://www.eplan.help/ru-ru/Infoportal/Content/Plattform/20
  ❌ Ошибка загрузки

[912/2007] https://www.eplan.help/ru-ru/Infoportal/Content/Plattform/20
  ❌ Ошибка загрузки

[913/2007] https://www.eplan.help/ru-ru/Infoportal/Content/Plattform/20
  ❌ Ошибка загрузки

[914/2007] https://www.eplan.help/ru-ru/Infoportal/Content/Plattform/20
  ❌ Ошибка загрузки

[915/2007] https://www.eplan.help/ru-ru/Infoportal/Content/Plattform/20
  ❌ Ошибка загрузки

[916/2007] https://www.eplan.help/ru-ru/Infoportal/Content/Plattform/20
  ❌ Ошибка загрузки

[917/2007] https://www.eplan.help/ru-ru/Infoportal/Content/Plattform/20
  ❌ Ошибка загрузки

[918/2007] https://www.eplan.help/ru-ru/Infoportal/Content/Plattform/20
  ❌ Ошибка загрузки

[919/2007] https://www.eplan.help/ru-ru/Infoportal/Content/Plattform/20
  ❌ Ошибка загрузки

[920/2007] https://www.eplan.help/ru-ru/Infoportal/Content/Plattform/20
  ❌ Ошибка загрузки

[921/2007] https://www.eplan.help/ru-ru/Infoportal/Content/Plattform/20
  ❌ Ошибка загрузки

[922/2007] https://www.eplan.help/ru-ru/Infoportal/Content/Plattform/20
  ❌ Ошибка загрузки

[923/2007] https://www.eplan.help/ru-ru/Infoportal/Content/Plattform/20
  ❌ Ошибка загрузки

[924/2007] https://www.eplan.help/ru-ru/Infoportal/Content/Plattform/20
  ❌ Ошибка загрузки

[925/2007] https://www.eplan.help/ru-ru/Infoportal/Content/Plattform/20
  ❌ Ошибка загрузки

[926/2007] https://www.eplan.help/ru-ru/Infoportal/Content/Plattform/20
  ❌ Ошибка загрузки

[927/2007] https://www.eplan.help/ru-ru/Infoportal/Content/Plattform/20
  ❌ Ошибка загрузки

[928/2007] https://www.eplan.help/ru-ru/Infoportal/Content/Plattform/20
  ❌ Ошибка загрузки

[929/2007] https://www.eplan.help/ru-ru/Infoportal/Content/Plattform/20
  ❌ Ошибка загрузки

[930/2007] https://www.eplan.help/ru-ru/Infoportal/Content/Plattform/20
  ❌ Ошибка загрузки

[931/2007] https://www.eplan.help/ru-ru/Infoportal/Content/Plattform/20
  ❌ Ошибка загрузки

[932/2007] https://www.eplan.help/ru-ru/Infoportal/Content/Plattform/20
  ❌ Ошибка загрузки

[933/2007] https://www.eplan.help/ru-ru/Infoportal/Content/Plattform/20
  ❌ Ошибка загрузки

[934/2007] https://www.eplan.help/ru-ru/Infoportal/Content/Plattform/20
  ❌ Ошибка загрузки

[935/2007] https://www.eplan.help/ru-ru/Infoportal/Content/Plattform/20
  ❌ Ошибка загрузки

[936/2007] https://www.eplan.help/ru-ru/Infoportal/Content/Plattform/20
  ❌ Ошибка загрузки

[937/2007] https://www.eplan.help/ru-ru/Infoportal/Content/Plattform/20
  ❌ Ошибка загрузки

[938/2007] https://www.eplan.help/ru-ru/Infoportal/Content/Plattform/20
  ❌ Ошибка загрузки

[939/2007] https://www.eplan.help/ru-ru/Infoportal/Content/Plattform/20
  ❌ Ошибка загрузки

[940/2007] https://www.eplan.help/ru-ru/Infoportal/Content/Plattform/20
  ❌ Ошибка загрузки

[941/2007] https://www.eplan.help/ru-ru/Infoportal/Content/Plattform/20
  ❌ Ошибка загрузки

[942/2007] https://www.eplan.help/ru-ru/Infoportal/Content/Plattform/20
  ❌ Ошибка загрузки

[943/2007] https://www.eplan.help/ru-ru/Infoportal/Content/Plattform/20
  ❌ Ошибка загрузки

[944/2007] https://www.eplan.help/ru-ru/Infoportal/Content/Plattform/20
  ❌ Ошибка загрузки

[945/2007] https://www.eplan.help/ru-ru/Infoportal/Content/Plattform/20
  ❌ Ошибка загрузки

[946/2007] https://www.eplan.help/ru-ru/Infoportal/Content/Plattform/20
  ❌ Ошибка загрузки

[947/2007] https://www.eplan.help/ru-ru/Infoportal/Content/Plattform/20
  ❌ Ошибка загрузки

[948/2007] https://www.eplan.help/ru-ru/Infoportal/Content/Plattform/20
  ❌ Ошибка загрузки

[949/2007] https://www.eplan.help/ru-ru/Infoportal/Content/Plattform/20
  ❌ Ошибка загрузки

[950/2007] https://www.eplan.help/ru-ru/Infoportal/Content/Plattform/20
  ❌ Ошибка загрузки

[951/2007] https://www.eplan.help/ru-ru/Infoportal/Content/Plattform/20
  ❌ Ошибка загрузки

[952/2007] https://www.eplan.help/ru-ru/Infoportal/Content/Plattform/20
  ❌ Ошибка загрузки

[953/2007] https://www.eplan.help/ru-ru/Infoportal/Content/Plattform/20
  ❌ Ошибка загрузки

[954/2007] https://www.eplan.help/ru-ru/Infoportal/Content/Plattform/20
  ❌ Ошибка загрузки

[955/2007] https://www.eplan.help/ru-ru/Infoportal/Content/Plattform/20
  ❌ Ошибка загрузки

[956/2007] https://www.eplan.help/ru-ru/Infoportal/Content/Plattform/20
  ❌ Ошибка загрузки

[957/2007] https://www.eplan.help/ru-ru/Infoportal/Content/Plattform/20
  ❌ Ошибка загрузки

[958/2007] https://www.eplan.help/ru-ru/Infoportal/Content/Plattform/20
  ❌ Ошибка загрузки

[959/2007] https://www.eplan.help/ru-ru/Infoportal/Content/Plattform/20
  ❌ Ошибка загрузки

[960/2007] https://www.eplan.help/ru-ru/Infoportal/Content/Plattform/20
  ❌ Ошибка загрузки

[961/2007] https://www.eplan.help/ru-ru/Infoportal/Content/Plattform/20
  ❌ Ошибка загрузки

[962/2007] https://www.eplan.help/ru-ru/Infoportal/Content/Plattform/20
  ❌ Ошибка загрузки

[963/2007] https://www.eplan.help/ru-ru/Infoportal/Content/Plattform/20
  ❌ Ошибка загрузки

[964/2007] https://www.eplan.help/ru-ru/Infoportal/Content/Plattform/20
  ❌ Ошибка загрузки

[965/2007] https://www.eplan.help/ru-ru/Infoportal/Content/Plattform/20
  ❌ Ошибка загрузки

[966/2007] https://www.eplan.help/ru-ru/Infoportal/Content/Plattform/20
  ❌ Ошибка загрузки

[967/2007] https://www.eplan.help/ru-ru/Infoportal/Content/Plattform/20
  ❌ Ошибка загрузки

[968/2007] https://www.eplan.help/ru-ru/Infoportal/Content/Plattform/20
  ❌ Ошибка загрузки

[969/2007] https://www.eplan.help/ru-ru/Infoportal/Content/Plattform/20
  ❌ Ошибка загрузки

[970/2007] https://www.eplan.help/ru-ru/Infoportal/Content/Plattform/20
  ❌ Ошибка загрузки

[971/2007] https://www.eplan.help/ru-ru/Infoportal/Content/Plattform/20
  ❌ Ошибка загрузки

[972/2007] https://www.eplan.help/ru-ru/Infoportal/Content/Plattform/20
  ❌ Ошибка загрузки

[973/2007] https://www.eplan.help/ru-ru/Infoportal/Content/Plattform/20
  ❌ Ошибка загрузки

[974/2007] https://www.eplan.help/ru-ru/Infoportal/Content/Plattform/20
  ❌ Ошибка загрузки

[975/2007] https://www.eplan.help/ru-ru/Infoportal/Content/Plattform/20
  ❌ Ошибка загрузки

[976/2007] https://www.eplan.help/ru-ru/Infoportal/Content/Plattform/20
  ❌ Ошибка загрузки

[977/2007] https://www.eplan.help/ru-ru/Infoportal/Content/Plattform/20
  ❌ Ошибка загрузки

[978/2007] https://www.eplan.help/ru-ru/Infoportal/Content/Plattform/20
  ❌ Ошибка загрузки

[979/2007] https://www.eplan.help/ru-ru/Infoportal/Content/Plattform/20
  ❌ Ошибка загрузки

[980/2007] https://www.eplan.help/ru-ru/Infoportal/Content/Plattform/20
  ❌ Ошибка загрузки

[981/2007] https://www.eplan.help/ru-ru/Infoportal/Content/Plattform/20
  ❌ Ошибка загрузки

[982/2007] https://www.eplan.help/ru-ru/Infoportal/Content/Plattform/20
  ❌ Ошибка загрузки

[983/2007] https://www.eplan.help/ru-ru/Infoportal/Content/Plattform/20
  ❌ Ошибка загрузки

[984/2007] https://www.eplan.help/ru-ru/Infoportal/Content/Plattform/20
  ❌ Ошибка загрузки

[985/2007] https://www.eplan.help/ru-ru/Infoportal/Content/Plattform/20
  ❌ Ошибка загрузки

[986/2007] https://www.eplan.help/ru-ru/Infoportal/Content/Plattform/20
  ❌ Ошибка загрузки

[987/2007] https://www.eplan.help/ru-ru/Infoportal/Content/Plattform/20
  ❌ Ошибка загрузки

[988/2007] https://www.eplan.help/ru-ru/Infoportal/Content/Plattform/20
  ❌ Ошибка загрузки

[989/2007] https://www.eplan.help/ru-ru/Infoportal/Content/Plattform/20
  ❌ Ошибка загрузки

[990/2007] https://www.eplan.help/ru-ru/Infoportal/Content/Plattform/20
  ❌ Ошибка загрузки

[991/2007] https://www.eplan.help/ru-ru/Infoportal/Content/Plattform/20
  ❌ Ошибка загрузки

[992/2007] https://www.eplan.help/ru-ru/Infoportal/Content/Plattform/20
  ❌ Ошибка загрузки

[993/2007] https://www.eplan.help/ru-ru/Infoportal/Content/Plattform/20
  ❌ Ошибка загрузки

[994/2007] https://www.eplan.help/ru-ru/Infoportal/Content/Plattform/20
  ❌ Ошибка загрузки

[995/2007] https://www.eplan.help/ru-ru/Infoportal/Content/Plattform/20
  ❌ Ошибка загрузки

[996/2007] https://www.eplan.help/ru-ru/Infoportal/Content/Plattform/20
  ❌ Ошибка загрузки

[997/2007] https://www.eplan.help/ru-ru/Infoportal/Content/Plattform/20
  ❌ Ошибка загрузки

[998/2007] https://www.eplan.help/ru-ru/Infoportal/Content/Plattform/20
  ❌ Ошибка загрузки

[999/2007] https://www.eplan.help/ru-ru/Infoportal/Content/Plattform/20
  ❌ Ошибка загрузки

[1000/2007] https://www.eplan.help/ru-ru/Infoportal/Content/Plattform/20
  ❌ Ошибка загрузки

[1001/2007] https://www.eplan.help/ru-ru/Infoportal/Content/Plattform/20
  ❌ Ошибка загрузки

[1002/2007] https://www.eplan.help/ru-ru/Infoportal/Content/Plattform/20
  ❌ Ошибка загрузки

[1003/2007] https://www.eplan.help/ru-ru/Infoportal/Content/Plattform/20
  ❌ Ошибка загрузки

[1004/2007] https://www.eplan.help/ru-ru/Infoportal/Content/Plattform/20
  ❌ Ошибка загрузки

[1005/2007] https://www.eplan.help/ru-ru/Infoportal/Content/Plattform/20
  ❌ Ошибка загрузки

[1006/2007] https://www.eplan.help/ru-ru/Infoportal/Content/Plattform/20
  ❌ Ошибка загрузки

[1007/2007] https://www.eplan.help/ru-ru/Infoportal/Content/Plattform/20
  ❌ Ошибка загрузки

[1008/2007] https://www.eplan.help/ru-ru/Infoportal/Content/Plattform/20
  ❌ Ошибка загрузки

[1009/2007] https://www.eplan.help/ru-ru/Infoportal/Content/Plattform/20
  ❌ Ошибка загрузки

[1010/2007] https://www.eplan.help/ru-ru/Infoportal/Content/Plattform/20
  ❌ Ошибка загрузки

[1011/2007] https://www.eplan.help/ru-ru/Infoportal/Content/Plattform/20
  ❌ Ошибка загрузки

[1012/2007] https://www.eplan.help/ru-ru/Infoportal/Content/Plattform/20
  ❌ Ошибка загрузки

[1013/2007] https://www.eplan.help/ru-ru/Infoportal/Content/Plattform/20
  ❌ Ошибка загрузки

[1014/2007] https://www.eplan.help/ru-ru/Infoportal/Content/Plattform/20
  ❌ Ошибка загрузки

[1015/2007] https://www.eplan.help/ru-ru/Infoportal/Content/Plattform/20
  ❌ Ошибка загрузки

[1016/2007] https://www.eplan.help/ru-ru/Infoportal/Content/Plattform/20
  ❌ Ошибка загрузки

[1017/2007] https://www.eplan.help/ru-ru/Infoportal/Content/Plattform/20
  ❌ Ошибка загрузки

[1018/2007] https://www.eplan.help/ru-ru/Infoportal/Content/Plattform/20
  ❌ Ошибка загрузки

[1019/2007] https://www.eplan.help/ru-ru/Infoportal/Content/Plattform/20
  ❌ Ошибка загрузки

[1020/2007] https://www.eplan.help/ru-ru/Infoportal/Content/Plattform/20
  ❌ Ошибка загрузки

[1021/2007] https://www.eplan.help/ru-ru/Infoportal/Content/Plattform/20
  ❌ Ошибка загрузки

[1022/2007] https://www.eplan.help/ru-ru/Infoportal/Content/Plattform/20
  ❌ Ошибка загрузки

[1023/2007] https://www.eplan.help/ru-ru/Infoportal/Content/Plattform/20
  ❌ Ошибка загрузки

[1024/2007] https://www.eplan.help/ru-ru/Infoportal/Content/Plattform/20
  ❌ Ошибка загрузки

[1025/2007] https://www.eplan.help/ru-ru/Infoportal/Content/Plattform/20
  ❌ Ошибка загрузки

[1026/2007] https://www.eplan.help/ru-ru/Infoportal/Content/Plattform/20
  ❌ Ошибка загрузки

[1027/2007] https://www.eplan.help/ru-ru/Infoportal/Content/Plattform/20
  ❌ Ошибка загрузки

[1028/2007] https://www.eplan.help/ru-ru/Infoportal/Content/Plattform/20
  ❌ Ошибка загрузки

[1029/2007] https://www.eplan.help/ru-ru/Infoportal/Content/Plattform/20
  ❌ Ошибка загрузки

[1030/2007] https://www.eplan.help/ru-ru/Infoportal/Content/Plattform/20
  ❌ Ошибка загрузки

[1031/2007] https://www.eplan.help/ru-ru/Infoportal/Content/Plattform/20
  ❌ Ошибка загрузки

[1032/2007] https://www.eplan.help/ru-ru/Infoportal/Content/Plattform/20
  ❌ Ошибка загрузки

[1033/2007] https://www.eplan.help/ru-ru/Infoportal/Content/Plattform/20
  ❌ Ошибка загрузки

[1034/2007] https://www.eplan.help/ru-ru/Infoportal/Content/Plattform/20
  ❌ Ошибка загрузки

[1035/2007] https://www.eplan.help/ru-ru/Infoportal/Content/Plattform/20
  ❌ Ошибка загрузки

[1036/2007] https://www.eplan.help/ru-ru/Infoportal/Content/Plattform/20
  ❌ Ошибка загрузки

[1037/2007] https://www.eplan.help/ru-ru/Infoportal/Content/Plattform/20
  ❌ Ошибка загрузки

[1038/2007] https://www.eplan.help/ru-ru/Infoportal/Content/Plattform/20
  ❌ Ошибка загрузки

[1039/2007] https://www.eplan.help/ru-ru/Infoportal/Content/Plattform/20
  ❌ Ошибка загрузки

[1040/2007] https://www.eplan.help/ru-ru/Infoportal/Content/Plattform/20
  ❌ Ошибка загрузки

[1041/2007] https://www.eplan.help/ru-ru/Infoportal/Content/Plattform/20
  ❌ Ошибка загрузки

[1042/2007] https://www.eplan.help/ru-ru/Infoportal/Content/Plattform/20
  ❌ Ошибка загрузки

[1043/2007] https://www.eplan.help/ru-ru/Infoportal/Content/Plattform/20
  ❌ Ошибка загрузки

[1044/2007] https://www.eplan.help/ru-ru/Infoportal/Content/Plattform/20
  ❌ Ошибка загрузки

[1045/2007] https://www.eplan.help/ru-ru/Infoportal/Content/Plattform/20
  ❌ Ошибка загрузки

[1046/2007] https://www.eplan.help/ru-ru/Infoportal/Content/Plattform/20
  ❌ Ошибка загрузки

[1047/2007] https://www.eplan.help/ru-ru/Infoportal/Content/Plattform/20
  ❌ Ошибка загрузки

[1048/2007] https://www.eplan.help/ru-ru/Infoportal/Content/Plattform/20
  ❌ Ошибка загрузки

[1049/2007] https://www.eplan.help/ru-ru/Infoportal/Content/Plattform/20
  ❌ Ошибка загрузки

[1050/2007] https://www.eplan.help/ru-ru/Infoportal/Content/Plattform/20
  ❌ Ошибка загрузки

[1051/2007] https://www.eplan.help/ru-ru/Infoportal/Content/Plattform/20
  ❌ Ошибка загрузки

[1052/2007] https://www.eplan.help/ru-ru/Infoportal/Content/Plattform/20
  ❌ Ошибка загрузки

[1053/2007] https://www.eplan.help/ru-ru/Infoportal/Content/Plattform/20
  ❌ Ошибка загрузки

[1054/2007] https://www.eplan.help/ru-ru/Infoportal/Content/Plattform/20
  ❌ Ошибка загрузки

[1055/2007] https://www.eplan.help/ru-ru/Infoportal/Content/Plattform/20
  ❌ Ошибка загрузки

[1056/2007] https://www.eplan.help/ru-ru/Infoportal/Content/Plattform/20
  ❌ Ошибка загрузки

[1057/2007] https://www.eplan.help/ru-ru/Infoportal/Content/Plattform/20
  ❌ Ошибка загрузки

[1058/2007] https://www.eplan.help/ru-ru/Infoportal/Content/Plattform/20
  ❌ Ошибка загрузки

[1059/2007] https://www.eplan.help/ru-ru/Infoportal/Content/Plattform/20
  ❌ Ошибка загрузки

[1060/2007] https://www.eplan.help/ru-ru/Infoportal/Content/Plattform/20
  ❌ Ошибка загрузки

[1061/2007] https://www.eplan.help/ru-ru/Infoportal/Content/Plattform/20
  ❌ Ошибка загрузки

[1062/2007] https://www.eplan.help/ru-ru/Infoportal/Content/Plattform/20
  ❌ Ошибка загрузки

[1063/2007] https://www.eplan.help/ru-ru/Infoportal/Content/Plattform/20
  ❌ Ошибка загрузки

[1064/2007] https://www.eplan.help/ru-ru/Infoportal/Content/Plattform/20
  ❌ Ошибка загрузки

[1065/2007] https://www.eplan.help/ru-ru/Infoportal/Content/Plattform/20
  ❌ Ошибка загрузки

[1066/2007] https://www.eplan.help/ru-ru/Infoportal/Content/Plattform/20
  ❌ Ошибка загрузки

[1067/2007] https://www.eplan.help/ru-ru/Infoportal/Content/Plattform/20
  ❌ Ошибка загрузки

[1068/2007] https://www.eplan.help/ru-ru/Infoportal/Content/Plattform/20
  ❌ Ошибка загрузки

[1069/2007] https://www.eplan.help/ru-ru/Infoportal/Content/Plattform/20
  ❌ Ошибка загрузки

[1070/2007] https://www.eplan.help/ru-ru/Infoportal/Content/Plattform/20
  ❌ Ошибка загрузки

[1071/2007] https://www.eplan.help/ru-ru/Infoportal/Content/Plattform/20
  ❌ Ошибка загрузки

[1072/2007] https://www.eplan.help/ru-ru/Infoportal/Content/Plattform/20
  ❌ Ошибка загрузки

[1073/2007] https://www.eplan.help/ru-ru/Infoportal/Content/Plattform/20
  ❌ Ошибка загрузки

[1074/2007] https://www.eplan.help/ru-ru/Infoportal/Content/Plattform/20
  ❌ Ошибка загрузки

[1075/2007] https://www.eplan.help/ru-ru/Infoportal/Content/Plattform/20
  ❌ Ошибка загрузки

[1076/2007] https://www.eplan.help/ru-ru/Infoportal/Content/Plattform/20
  ❌ Ошибка загрузки

[1077/2007] https://www.eplan.help/ru-ru/Infoportal/Content/Plattform/20
  ❌ Ошибка загрузки

[1078/2007] https://www.eplan.help/ru-ru/Infoportal/Content/Plattform/20
  ❌ Ошибка загрузки

[1079/2007] https://www.eplan.help/ru-ru/Infoportal/Content/Plattform/20
  ❌ Ошибка загрузки

[1080/2007] https://www.eplan.help/ru-ru/Infoportal/Content/Plattform/20
  ❌ Ошибка загрузки

[1081/2007] https://www.eplan.help/ru-ru/Infoportal/Content/Plattform/20
  ❌ Ошибка загрузки

[1082/2007] https://www.eplan.help/ru-ru/Infoportal/Content/Plattform/20
  ❌ Ошибка загрузки

[1083/2007] https://www.eplan.help/ru-ru/Infoportal/Content/Plattform/20
  ❌ Ошибка загрузки

[1084/2007] https://www.eplan.help/ru-ru/Infoportal/Content/Plattform/20
  ❌ Ошибка загрузки

[1085/2007] https://www.eplan.help/ru-ru/Infoportal/Content/Plattform/20
  ❌ Ошибка загрузки

[1086/2007] https://www.eplan.help/ru-ru/Infoportal/Content/Plattform/20
  ❌ Ошибка загрузки

[1087/2007] https://www.eplan.help/ru-ru/Infoportal/Content/Plattform/20
  ❌ Ошибка загрузки

[1088/2007] https://www.eplan.help/ru-ru/Infoportal/Content/Plattform/20
  ❌ Ошибка загрузки

[1089/2007] https://www.eplan.help/ru-ru/Infoportal/Content/Plattform/20
  ❌ Ошибка загрузки

[1090/2007] https://www.eplan.help/ru-ru/Infoportal/Content/Plattform/20
  ❌ Ошибка загрузки

[1091/2007] https://www.eplan.help/ru-ru/Infoportal/Content/Plattform/20
  ❌ Ошибка загрузки

[1092/2007] https://www.eplan.help/ru-ru/Infoportal/Content/Plattform/20
  ❌ Ошибка загрузки

[1093/2007] https://www.eplan.help/ru-ru/Infoportal/Content/Plattform/20
  ❌ Ошибка загрузки

[1094/2007] https://www.eplan.help/ru-ru/Infoportal/Content/Plattform/20
  ❌ Ошибка загрузки

[1095/2007] https://www.eplan.help/ru-ru/Infoportal/Content/Plattform/20
  ❌ Ошибка загрузки

[1096/2007] https://www.eplan.help/ru-ru/Infoportal/Content/Plattform/20
  ❌ Ошибка загрузки

[1097/2007] https://www.eplan.help/ru-ru/Infoportal/Content/Plattform/20
  ❌ Ошибка загрузки

[1098/2007] https://www.eplan.help/ru-ru/Infoportal/Content/Plattform/20
  ❌ Ошибка загрузки

[1099/2007] https://www.eplan.help/ru-ru/Infoportal/Content/Plattform/20
  ❌ Ошибка загрузки

[1100/2007] https://www.eplan.help/ru-ru/Infoportal/Content/Plattform/20
  ❌ Ошибка загрузки

[1101/2007] https://www.eplan.help/ru-ru/Infoportal/Content/Plattform/20
  ❌ Ошибка загрузки

[1102/2007] https://www.eplan.help/ru-ru/Infoportal/Content/Plattform/20
  ❌ Ошибка загрузки

[1103/2007] https://www.eplan.help/ru-ru/Infoportal/Content/Plattform/20
  ❌ Ошибка загрузки

[1104/2007] https://www.eplan.help/ru-ru/Infoportal/Content/Plattform/20
  ❌ Ошибка загрузки

[1105/2007] https://www.eplan.help/ru-ru/Infoportal/Content/Plattform/20
  ❌ Ошибка загрузки

[1106/2007] https://www.eplan.help/ru-ru/Infoportal/Content/Plattform/20
  ❌ Ошибка загрузки

[1107/2007] https://www.eplan.help/ru-ru/Infoportal/Content/Plattform/20
  ❌ Ошибка загрузки

[1108/2007] https://www.eplan.help/ru-ru/Infoportal/Content/Plattform/20
  ❌ Ошибка загрузки

[1109/2007] https://www.eplan.help/ru-ru/Infoportal/Content/Plattform/20
  ❌ Ошибка загрузки

[1110/2007] https://www.eplan.help/ru-ru/Infoportal/Content/Plattform/20
  ❌ Ошибка загрузки

[1111/2007] https://www.eplan.help/ru-ru/Infoportal/Content/Plattform/20
  ❌ Ошибка загрузки

[1112/2007] https://www.eplan.help/ru-ru/Infoportal/Content/Plattform/20
  ❌ Ошибка загрузки

[1113/2007] https://www.eplan.help/ru-ru/Infoportal/Content/Plattform/20
  ❌ Ошибка загрузки

[1114/2007] https://www.eplan.help/ru-ru/Infoportal/Content/Plattform/20
  ❌ Ошибка загрузки

[1115/2007] https://www.eplan.help/ru-ru/Infoportal/Content/Plattform/20
  ❌ Ошибка загрузки

[1116/2007] https://www.eplan.help/ru-ru/Infoportal/Content/Plattform/20
  ❌ Ошибка загрузки

[1117/2007] https://www.eplan.help/ru-ru/Infoportal/Content/Plattform/20
  ❌ Ошибка загрузки

[1118/2007] https://www.eplan.help/ru-ru/Infoportal/Content/Plattform/20
  ❌ Ошибка загрузки

[1119/2007] https://www.eplan.help/ru-ru/Infoportal/Content/Plattform/20
  ❌ Ошибка загрузки

[1120/2007] https://www.eplan.help/ru-ru/Infoportal/Content/Plattform/20
  ❌ Ошибка загрузки

[1121/2007] https://www.eplan.help/ru-ru/Infoportal/Content/Plattform/20
  ❌ Ошибка загрузки

[1122/2007] https://www.eplan.help/ru-ru/Infoportal/Content/Plattform/20
  ❌ Ошибка загрузки

[1123/2007] https://www.eplan.help/ru-ru/Infoportal/Content/Plattform/20
  ❌ Ошибка загрузки

[1124/2007] https://www.eplan.help/ru-ru/Infoportal/Content/Plattform/20
  ❌ Ошибка загрузки

[1125/2007] https://www.eplan.help/ru-ru/Infoportal/Content/Plattform/20
  ❌ Ошибка загрузки

[1126/2007] https://www.eplan.help/ru-ru/Infoportal/Content/Plattform/20
  ❌ Ошибка загрузки

[1127/2007] https://www.eplan.help/ru-ru/Infoportal/Content/Plattform/20
  ❌ Ошибка загрузки

[1128/2007] https://www.eplan.help/ru-ru/Infoportal/Content/Plattform/20
  ❌ Ошибка загрузки

[1129/2007] https://www.eplan.help/ru-ru/Infoportal/Content/Plattform/20
  ❌ Ошибка загрузки

[1130/2007] https://www.eplan.help/ru-ru/Infoportal/Content/Plattform/20
  ❌ Ошибка загрузки

[1131/2007] https://www.eplan.help/ru-ru/Infoportal/Content/Plattform/20
  ❌ Ошибка загрузки

[1132/2007] https://www.eplan.help/ru-ru/Infoportal/Content/Plattform/20
  ❌ Ошибка загрузки

[1133/2007] https://www.eplan.help/ru-ru/Infoportal/Content/Plattform/20
  ❌ Ошибка загрузки

[1134/2007] https://www.eplan.help/ru-ru/Infoportal/Content/Plattform/20
  ❌ Ошибка загрузки

[1135/2007] https://www.eplan.help/ru-ru/Infoportal/Content/Plattform/20
  ❌ Ошибка загрузки

[1136/2007] https://www.eplan.help/ru-ru/Infoportal/Content/Plattform/20
  ❌ Ошибка загрузки

[1137/2007] https://www.eplan.help/ru-ru/Infoportal/Content/Plattform/20
  ❌ Ошибка загрузки

[1138/2007] https://www.eplan.help/ru-ru/Infoportal/Content/Plattform/20
  ❌ Ошибка загрузки

[1139/2007] https://www.eplan.help/ru-ru/Infoportal/Content/Plattform/20
  ❌ Ошибка загрузки

[1140/2007] https://www.eplan.help/ru-ru/Infoportal/Content/Plattform/20
  ❌ Ошибка загрузки

[1141/2007] https://www.eplan.help/ru-ru/Infoportal/Content/Plattform/20
  ❌ Ошибка загрузки

[1142/2007] https://www.eplan.help/ru-ru/Infoportal/Content/Plattform/20
  ❌ Ошибка загрузки

[1143/2007] https://www.eplan.help/ru-ru/Infoportal/Content/Plattform/20
  ❌ Ошибка загрузки

[1144/2007] https://www.eplan.help/ru-ru/Infoportal/Content/Plattform/20
  ❌ Ошибка загрузки

[1145/2007] https://www.eplan.help/ru-ru/Infoportal/Content/Plattform/20
  ❌ Ошибка загрузки

[1146/2007] https://www.eplan.help/ru-ru/Infoportal/Content/Plattform/20
  ❌ Ошибка загрузки

[1147/2007] https://www.eplan.help/ru-ru/Infoportal/Content/Plattform/20
  ❌ Ошибка загрузки

[1148/2007] https://www.eplan.help/ru-ru/Infoportal/Content/Plattform/20
  ❌ Ошибка загрузки

[1149/2007] https://www.eplan.help/ru-ru/Infoportal/Content/Plattform/20
  ❌ Ошибка загрузки

[1150/2007] https://www.eplan.help/ru-ru/Infoportal/Content/Plattform/20
  ❌ Ошибка загрузки

[1151/2007] https://www.eplan.help/ru-ru/Infoportal/Content/Plattform/20
  ❌ Ошибка загрузки

[1152/2007] https://www.eplan.help/ru-ru/Infoportal/Content/Plattform/20
  ❌ Ошибка загрузки

[1153/2007] https://www.eplan.help/ru-ru/Infoportal/Content/Plattform/20
  ❌ Ошибка загрузки

[1154/2007] https://www.eplan.help/ru-ru/Infoportal/Content/Plattform/20
  ❌ Ошибка загрузки

[1155/2007] https://www.eplan.help/ru-ru/Infoportal/Content/Plattform/20
  ❌ Ошибка загрузки

[1156/2007] https://www.eplan.help/ru-ru/Infoportal/Content/Plattform/20
  ❌ Ошибка загрузки

[1157/2007] https://www.eplan.help/ru-ru/Infoportal/Content/Plattform/20
  ❌ Ошибка загрузки

[1158/2007] https://www.eplan.help/ru-ru/Infoportal/Content/Plattform/20
  ❌ Ошибка загрузки

[1159/2007] https://www.eplan.help/ru-ru/Infoportal/Content/Plattform/20
  ❌ Ошибка загрузки

[1160/2007] https://www.eplan.help/ru-ru/Infoportal/Content/Plattform/20
  ❌ Ошибка загрузки

[1161/2007] https://www.eplan.help/ru-ru/Infoportal/Content/Plattform/20
  ❌ Ошибка загрузки

[1162/2007] https://www.eplan.help/ru-ru/Infoportal/Content/Plattform/20
  ❌ Ошибка загрузки

[1163/2007] https://www.eplan.help/ru-ru/Infoportal/Content/Plattform/20
  ❌ Ошибка загрузки

[1164/2007] https://www.eplan.help/ru-ru/Infoportal/Content/Plattform/20
  ❌ Ошибка загрузки

[1165/2007] https://www.eplan.help/ru-ru/Infoportal/Content/Plattform/20
  ❌ Ошибка загрузки

[1166/2007] https://www.eplan.help/ru-ru/Infoportal/Content/Plattform/20
  ❌ Ошибка загрузки

[1167/2007] https://www.eplan.help/ru-ru/Infoportal/Content/Plattform/20
  ❌ Ошибка загрузки

[1168/2007] https://www.eplan.help/ru-ru/Infoportal/Content/Plattform/20
  ❌ Ошибка загрузки

[1169/2007] https://www.eplan.help/ru-ru/Infoportal/Content/Plattform/20
  ❌ Ошибка загрузки

[1170/2007] https://www.eplan.help/ru-ru/Infoportal/Content/Plattform/20
  ❌ Ошибка загрузки

[1171/2007] https://www.eplan.help/ru-ru/Infoportal/Content/Plattform/20
  ❌ Ошибка загрузки

[1172/2007] https://www.eplan.help/ru-ru/Infoportal/Content/Plattform/20
  ❌ Ошибка загрузки

[1173/2007] https://www.eplan.help/ru-ru/Infoportal/Content/Plattform/20
  ❌ Ошибка загрузки

[1174/2007] https://www.eplan.help/ru-ru/Infoportal/Content/Plattform/20
  ❌ Ошибка загрузки

[1175/2007] https://www.eplan.help/ru-ru/Infoportal/Content/Plattform/20
  ❌ Ошибка загрузки

[1176/2007] https://www.eplan.help/ru-ru/Infoportal/Content/Plattform/20
  ❌ Ошибка загрузки

[1177/2007] https://www.eplan.help/ru-ru/Infoportal/Content/Plattform/20
  ❌ Ошибка загрузки

[1178/2007] https://www.eplan.help/ru-ru/Infoportal/Content/Plattform/20
  ❌ Ошибка загрузки

[1179/2007] https://www.eplan.help/ru-ru/Infoportal/Content/Plattform/20
  ❌ Ошибка загрузки

[1180/2007] https://www.eplan.help/ru-ru/Infoportal/Content/Plattform/20
  ❌ Ошибка загрузки

[1181/2007] https://www.eplan.help/ru-ru/Infoportal/Content/Plattform/20
  ❌ Ошибка загрузки

[1182/2007] https://www.eplan.help/ru-ru/Infoportal/Content/Plattform/20
  ❌ Ошибка загрузки

[1183/2007] https://www.eplan.help/ru-ru/Infoportal/Content/Plattform/20
  ❌ Ошибка загрузки

[1184/2007] https://www.eplan.help/ru-ru/Infoportal/Content/Plattform/20
  ❌ Ошибка загрузки

[1185/2007] https://www.eplan.help/ru-ru/Infoportal/Content/Plattform/20
  ❌ Ошибка загрузки

[1186/2007] https://www.eplan.help/ru-ru/Infoportal/Content/Plattform/20
  ❌ Ошибка загрузки

[1187/2007] https://www.eplan.help/ru-ru/Infoportal/Content/Plattform/20
  ❌ Ошибка загрузки

[1188/2007] https://www.eplan.help/ru-ru/Infoportal/Content/Plattform/20
  ❌ Ошибка загрузки

[1189/2007] https://www.eplan.help/ru-ru/Infoportal/Content/Plattform/20
  ❌ Ошибка загрузки

[1190/2007] https://www.eplan.help/ru-ru/Infoportal/Content/Plattform/20
  ❌ Ошибка загрузки

[1191/2007] https://www.eplan.help/ru-ru/Infoportal/Content/Plattform/20
  ❌ Ошибка загрузки

[1192/2007] https://www.eplan.help/ru-ru/Infoportal/Content/Plattform/20
  ❌ Ошибка загрузки

[1193/2007] https://www.eplan.help/ru-ru/Infoportal/Content/Plattform/20
  ❌ Ошибка загрузки

[1194/2007] https://www.eplan.help/ru-ru/Infoportal/Content/Plattform/20
  ❌ Ошибка загрузки

[1195/2007] https://www.eplan.help/ru-ru/Infoportal/Content/Plattform/20
  ❌ Ошибка загрузки

[1196/2007] https://www.eplan.help/ru-ru/Infoportal/Content/Plattform/20
  ❌ Ошибка загрузки

[1197/2007] https://www.eplan.help/ru-ru/Infoportal/Content/Plattform/20
  ❌ Ошибка загрузки

[1198/2007] https://www.eplan.help/ru-ru/Infoportal/Content/Plattform/20
  ❌ Ошибка загрузки

[1199/2007] https://www.eplan.help/ru-ru/Infoportal/Content/Plattform/20
  ❌ Ошибка загрузки

[1200/2007] https://www.eplan.help/ru-ru/Infoportal/Content/Plattform/20
  ❌ Ошибка загрузки

[1201/2007] https://www.eplan.help/ru-ru/Infoportal/Content/Plattform/20
  ❌ Ошибка загрузки

[1202/2007] https://www.eplan.help/ru-ru/Infoportal/Content/Plattform/20
  ❌ Ошибка загрузки

[1203/2007] https://www.eplan.help/ru-ru/Infoportal/Content/Plattform/20
  ❌ Ошибка загрузки

[1204/2007] https://www.eplan.help/ru-ru/Infoportal/Content/Plattform/20
  ❌ Ошибка загрузки

[1205/2007] https://www.eplan.help/ru-ru/Infoportal/Content/Plattform/20
  ❌ Ошибка загрузки

[1206/2007] https://www.eplan.help/ru-ru/Infoportal/Content/Plattform/20
  ❌ Ошибка загрузки

[1207/2007] https://www.eplan.help/ru-ru/Infoportal/Content/Plattform/20
  ❌ Ошибка загрузки

[1208/2007] https://www.eplan.help/ru-ru/Infoportal/Content/Plattform/20
  ❌ Ошибка загрузки

[1209/2007] https://www.eplan.help/ru-ru/Infoportal/Content/Plattform/20
  ❌ Ошибка загрузки

[1210/2007] https://www.eplan.help/ru-ru/Infoportal/Content/Plattform/20
  ❌ Ошибка загрузки

[1211/2007] https://www.eplan.help/ru-ru/Infoportal/Content/Plattform/20
  ❌ Ошибка загрузки

[1212/2007] https://www.eplan.help/ru-ru/Infoportal/Content/Plattform/20
  ❌ Ошибка загрузки

[1213/2007] https://www.eplan.help/ru-ru/Infoportal/Content/Plattform/20
  ❌ Ошибка загрузки

[1214/2007] https://www.eplan.help/ru-ru/Infoportal/Content/Plattform/20
  ❌ Ошибка загрузки

[1215/2007] https://www.eplan.help/ru-ru/Infoportal/Content/Plattform/20
  ❌ Ошибка загрузки

[1216/2007] https://www.eplan.help/ru-ru/Infoportal/Content/Plattform/20
  ❌ Ошибка загрузки

[1217/2007] https://www.eplan.help/ru-ru/Infoportal/Content/Plattform/20
  ❌ Ошибка загрузки

[1218/2007] https://www.eplan.help/ru-ru/Infoportal/Content/Plattform/20
  ❌ Ошибка загрузки

[1219/2007] https://www.eplan.help/ru-ru/Infoportal/Content/Plattform/20
  ❌ Ошибка загрузки

[1220/2007] https://www.eplan.help/ru-ru/Infoportal/Content/Plattform/20
  ❌ Ошибка загрузки

[1221/2007] https://www.eplan.help/ru-ru/Infoportal/Content/Plattform/20
  ❌ Ошибка загрузки

[1222/2007] https://www.eplan.help/ru-ru/Infoportal/Content/Plattform/20
  ❌ Ошибка загрузки

[1223/2007] https://www.eplan.help/ru-ru/Infoportal/Content/Plattform/20
  ❌ Ошибка загрузки

[1224/2007] https://www.eplan.help/ru-ru/Infoportal/Content/Plattform/20
  ❌ Ошибка загрузки

[1225/2007] https://www.eplan.help/ru-ru/Infoportal/Content/Plattform/20
  ❌ Ошибка загрузки

[1226/2007] https://www.eplan.help/ru-ru/Infoportal/Content/Plattform/20
  ❌ Ошибка загрузки

[1227/2007] https://www.eplan.help/ru-ru/Infoportal/Content/Plattform/20
  ❌ Ошибка загрузки

[1228/2007] https://www.eplan.help/ru-ru/Infoportal/Content/Plattform/20
  ❌ Ошибка загрузки

[1229/2007] https://www.eplan.help/ru-ru/Infoportal/Content/Plattform/20
  ❌ Ошибка загрузки

[1230/2007] https://www.eplan.help/ru-ru/Infoportal/Content/Plattform/20
  ❌ Ошибка загрузки

[1231/2007] https://www.eplan.help/ru-ru/Infoportal/Content/Plattform/20
  ❌ Ошибка загрузки

[1232/2007] https://www.eplan.help/ru-ru/Infoportal/Content/Plattform/20
  ❌ Ошибка загрузки

[1233/2007] https://www.eplan.help/ru-ru/Infoportal/Content/Plattform/20
  ❌ Ошибка загрузки

[1234/2007] https://www.eplan.help/ru-ru/Infoportal/Content/Plattform/20
  ❌ Ошибка загрузки

[1235/2007] https://www.eplan.help/ru-ru/Infoportal/Content/Plattform/20
  ❌ Ошибка загрузки

[1236/2007] https://www.eplan.help/ru-ru/Infoportal/Content/Plattform/20
  ❌ Ошибка загрузки

[1237/2007] https://www.eplan.help/ru-ru/Infoportal/Content/Plattform/20
  ❌ Ошибка загрузки

[1238/2007] https://www.eplan.help/ru-ru/Infoportal/Content/Plattform/20
  ❌ Ошибка загрузки

[1239/2007] https://www.eplan.help/ru-ru/Infoportal/Content/Plattform/20
  ❌ Ошибка загрузки

[1240/2007] https://www.eplan.help/ru-ru/Infoportal/Content/Plattform/20
  ❌ Ошибка загрузки

[1241/2007] https://www.eplan.help/ru-ru/Infoportal/Content/Plattform/20
  ❌ Ошибка загрузки

[1242/2007] https://www.eplan.help/ru-ru/Infoportal/Content/Plattform/20
  ❌ Ошибка загрузки

[1243/2007] https://www.eplan.help/ru-ru/Infoportal/Content/Plattform/20
  ❌ Ошибка загрузки

[1244/2007] https://www.eplan.help/ru-ru/Infoportal/Content/Plattform/20
  ❌ Ошибка загрузки

[1245/2007] https://www.eplan.help/ru-ru/Infoportal/Content/Plattform/20
  ❌ Ошибка загрузки

[1246/2007] https://www.eplan.help/ru-ru/Infoportal/Content/Plattform/20
  ❌ Ошибка загрузки

[1247/2007] https://www.eplan.help/ru-ru/Infoportal/Content/Plattform/20
  ❌ Ошибка загрузки

[1248/2007] https://www.eplan.help/ru-ru/Infoportal/Content/Plattform/20
  ❌ Ошибка загрузки

[1249/2007] https://www.eplan.help/ru-ru/Infoportal/Content/Plattform/20
  ❌ Ошибка загрузки

[1250/2007] https://www.eplan.help/ru-ru/Infoportal/Content/Plattform/20
  ❌ Ошибка загрузки

[1251/2007] https://www.eplan.help/ru-ru/Infoportal/Content/Plattform/20
  ❌ Ошибка загрузки

[1252/2007] https://www.eplan.help/ru-ru/Infoportal/Content/Plattform/20
  ❌ Ошибка загрузки

[1253/2007] https://www.eplan.help/ru-ru/Infoportal/Content/Plattform/20
  ❌ Ошибка загрузки

[1254/2007] https://www.eplan.help/ru-ru/Infoportal/Content/Plattform/20
  ❌ Ошибка загрузки

[1255/2007] https://www.eplan.help/ru-ru/Infoportal/Content/Plattform/20
  ❌ Ошибка загрузки

[1256/2007] https://www.eplan.help/ru-ru/Infoportal/Content/Plattform/20
  ❌ Ошибка загрузки

[1257/2007] https://www.eplan.help/ru-ru/Infoportal/Content/Plattform/20
  ❌ Ошибка загрузки

[1258/2007] https://www.eplan.help/ru-ru/Infoportal/Content/Plattform/20
  ❌ Ошибка загрузки

[1259/2007] https://www.eplan.help/ru-ru/Infoportal/Content/Plattform/20
  ❌ Ошибка загрузки

[1260/2007] https://www.eplan.help/ru-ru/Infoportal/Content/Plattform/20
  ❌ Ошибка загрузки

[1261/2007] https://www.eplan.help/ru-ru/Infoportal/Content/Plattform/20
  ❌ Ошибка загрузки

[1262/2007] https://www.eplan.help/ru-ru/Infoportal/Content/Plattform/20
  ❌ Ошибка загрузки

[1263/2007] https://www.eplan.help/ru-ru/Infoportal/Content/Plattform/20
  ❌ Ошибка загрузки

[1264/2007] https://www.eplan.help/ru-ru/Infoportal/Content/Plattform/20
  ❌ Ошибка загрузки

[1265/2007] https://www.eplan.help/ru-ru/Infoportal/Content/Plattform/20
  ❌ Ошибка загрузки

[1266/2007] https://www.eplan.help/ru-ru/Infoportal/Content/Plattform/20
  ❌ Ошибка загрузки

[1267/2007] https://www.eplan.help/ru-ru/Infoportal/Content/Plattform/20
  ❌ Ошибка загрузки

[1268/2007] https://www.eplan.help/ru-ru/Infoportal/Content/Plattform/20
  ❌ Ошибка загрузки

[1269/2007] https://www.eplan.help/ru-ru/Infoportal/Content/Plattform/20
  ❌ Ошибка загрузки

[1270/2007] https://www.eplan.help/ru-ru/Infoportal/Content/Plattform/20
  ❌ Ошибка загрузки

[1271/2007] https://www.eplan.help/ru-ru/Infoportal/Content/Plattform/20
  ❌ Ошибка загрузки

[1272/2007] https://www.eplan.help/ru-ru/Infoportal/Content/Plattform/20
  ❌ Ошибка загрузки

[1273/2007] https://www.eplan.help/ru-ru/Infoportal/Content/Plattform/20
  ❌ Ошибка загрузки

[1274/2007] https://www.eplan.help/ru-ru/Infoportal/Content/Plattform/20
  ❌ Ошибка загрузки

[1275/2007] https://www.eplan.help/ru-ru/Infoportal/Content/Plattform/20
  ❌ Ошибка загрузки

[1276/2007] https://www.eplan.help/ru-ru/Infoportal/Content/Plattform/20
  ❌ Ошибка загрузки

[1277/2007] https://www.eplan.help/ru-ru/Infoportal/Content/Plattform/20
  ❌ Ошибка загрузки

[1278/2007] https://www.eplan.help/ru-ru/Infoportal/Content/Plattform/20
  ❌ Ошибка загрузки

[1279/2007] https://www.eplan.help/ru-ru/Infoportal/Content/Plattform/20
  ❌ Ошибка загрузки

[1280/2007] https://www.eplan.help/ru-ru/Infoportal/Content/Plattform/20
  ❌ Ошибка загрузки

[1281/2007] https://www.eplan.help/ru-ru/Infoportal/Content/Plattform/20
  ❌ Ошибка загрузки

[1282/2007] https://www.eplan.help/ru-ru/Infoportal/Content/Plattform/20
  ❌ Ошибка загрузки

[1283/2007] https://www.eplan.help/ru-ru/Infoportal/Content/Plattform/20
  ❌ Ошибка загрузки

[1284/2007] https://www.eplan.help/ru-ru/Infoportal/Content/Plattform/20
  ❌ Ошибка загрузки

[1285/2007] https://www.eplan.help/ru-ru/Infoportal/Content/Plattform/20
  ❌ Ошибка загрузки

[1286/2007] https://www.eplan.help/ru-ru/Infoportal/Content/Plattform/20
  ❌ Ошибка загрузки

[1287/2007] https://www.eplan.help/ru-ru/Infoportal/Content/Plattform/20
  ❌ Ошибка загрузки

[1288/2007] https://www.eplan.help/ru-ru/Infoportal/Content/Plattform/20
  ❌ Ошибка загрузки

[1289/2007] https://www.eplan.help/ru-ru/Infoportal/Content/Plattform/20
  ❌ Ошибка загрузки

[1290/2007] https://www.eplan.help/ru-ru/Infoportal/Content/Plattform/20
  ❌ Ошибка загрузки

[1291/2007] https://www.eplan.help/ru-ru/Infoportal/Content/Plattform/20
  ❌ Ошибка загрузки

[1292/2007] https://www.eplan.help/ru-ru/Infoportal/Content/Plattform/20
  ❌ Ошибка загрузки

[1293/2007] https://www.eplan.help/ru-ru/Infoportal/Content/Plattform/20
  ❌ Ошибка загрузки

[1294/2007] https://www.eplan.help/ru-ru/Infoportal/Content/Plattform/20
  ❌ Ошибка загрузки

[1295/2007] https://www.eplan.help/ru-ru/Infoportal/Content/Plattform/20
  ❌ Ошибка загрузки

[1296/2007] https://www.eplan.help/ru-ru/Infoportal/Content/Plattform/20
  ❌ Ошибка загрузки

[1297/2007] https://www.eplan.help/ru-ru/Infoportal/Content/Plattform/20
  ❌ Ошибка загрузки

[1298/2007] https://www.eplan.help/ru-ru/Infoportal/Content/Plattform/20
  ❌ Ошибка загрузки

[1299/2007] https://www.eplan.help/ru-ru/Infoportal/Content/Plattform/20
  ❌ Ошибка загрузки

[1300/2007] https://www.eplan.help/ru-ru/Infoportal/Content/Plattform/20
  ❌ Ошибка загрузки

[1301/2007] https://www.eplan.help/ru-ru/Infoportal/Content/Plattform/20
  ❌ Ошибка загрузки

[1302/2007] https://www.eplan.help/ru-ru/Infoportal/Content/Plattform/20
  ❌ Ошибка загрузки

[1303/2007] https://www.eplan.help/ru-ru/Infoportal/Content/Plattform/20
  ❌ Ошибка загрузки

[1304/2007] https://www.eplan.help/ru-ru/Infoportal/Content/Plattform/20
  ❌ Ошибка загрузки

[1305/2007] https://www.eplan.help/ru-ru/Infoportal/Content/Plattform/20
  ❌ Ошибка загрузки

[1306/2007] https://www.eplan.help/ru-ru/Infoportal/Content/Plattform/20
  ❌ Ошибка загрузки

[1307/2007] https://www.eplan.help/ru-ru/Infoportal/Content/Plattform/20
  ❌ Ошибка загрузки

[1308/2007] https://www.eplan.help/ru-ru/Infoportal/Content/Plattform/20
  ❌ Ошибка загрузки

[1309/2007] https://www.eplan.help/ru-ru/Infoportal/Content/Plattform/20
  ❌ Ошибка загрузки

[1310/2007] https://www.eplan.help/ru-ru/Infoportal/Content/Plattform/20
  ❌ Ошибка загрузки

[1311/2007] https://www.eplan.help/ru-ru/Infoportal/Content/Plattform/20
  ❌ Ошибка загрузки

[1312/2007] https://www.eplan.help/ru-ru/Infoportal/Content/Plattform/20
  ❌ Ошибка загрузки

[1313/2007] https://www.eplan.help/ru-ru/Infoportal/Content/Plattform/20
  ❌ Ошибка загрузки

[1314/2007] https://www.eplan.help/ru-ru/Infoportal/Content/Plattform/20
  ❌ Ошибка загрузки

[1315/2007] https://www.eplan.help/ru-ru/Infoportal/Content/Plattform/20
  ❌ Ошибка загрузки

[1316/2007] https://www.eplan.help/ru-ru/Infoportal/Content/Plattform/20
  ❌ Ошибка загрузки

[1317/2007] https://www.eplan.help/ru-ru/Infoportal/Content/Plattform/20
  ❌ Ошибка загрузки

[1318/2007] https://www.eplan.help/ru-ru/Infoportal/Content/Plattform/20
  ❌ Ошибка загрузки

[1319/2007] https://www.eplan.help/ru-ru/Infoportal/Content/Plattform/20
  ❌ Ошибка загрузки

[1320/2007] https://www.eplan.help/ru-ru/Infoportal/Content/Plattform/20
  ❌ Ошибка загрузки

[1321/2007] https://www.eplan.help/ru-ru/Infoportal/Content/Plattform/20
  ❌ Ошибка загрузки

[1322/2007] https://www.eplan.help/ru-ru/Infoportal/Content/Plattform/20
  ❌ Ошибка загрузки

[1323/2007] https://www.eplan.help/ru-ru/Infoportal/Content/Plattform/20
  ❌ Ошибка загрузки

[1324/2007] https://www.eplan.help/ru-ru/Infoportal/Content/Plattform/20
  ❌ Ошибка загрузки

[1325/2007] https://www.eplan.help/ru-ru/Infoportal/Content/Plattform/20
  ❌ Ошибка загрузки

[1326/2007] https://www.eplan.help/ru-ru/Infoportal/Content/Plattform/20
  ❌ Ошибка загрузки

[1327/2007] https://www.eplan.help/ru-ru/Infoportal/Content/Plattform/20
  ❌ Ошибка загрузки

[1328/2007] https://www.eplan.help/ru-ru/Infoportal/Content/Plattform/20
  ❌ Ошибка загрузки

[1329/2007] https://www.eplan.help/ru-ru/Infoportal/Content/Plattform/20
  ❌ Ошибка загрузки

[1330/2007] https://www.eplan.help/ru-ru/Infoportal/Content/Plattform/20
  ❌ Ошибка загрузки

[1331/2007] https://www.eplan.help/ru-ru/Infoportal/Content/Plattform/20
  ❌ Ошибка загрузки

[1332/2007] https://www.eplan.help/ru-ru/Infoportal/Content/Plattform/20
  ❌ Ошибка загрузки

[1333/2007] https://www.eplan.help/ru-ru/Infoportal/Content/Plattform/20
  ❌ Ошибка загрузки

[1334/2007] https://www.eplan.help/ru-ru/Infoportal/Content/Plattform/20
  ❌ Ошибка загрузки

[1335/2007] https://www.eplan.help/ru-ru/Infoportal/Content/Plattform/20
  ❌ Ошибка загрузки

[1336/2007] https://www.eplan.help/ru-ru/Infoportal/Content/Plattform/20
  ❌ Ошибка загрузки

[1337/2007] https://www.eplan.help/ru-ru/Infoportal/Content/Plattform/20
  ❌ Ошибка загрузки

[1338/2007] https://www.eplan.help/ru-ru/Infoportal/Content/Plattform/20
  ❌ Ошибка загрузки

[1339/2007] https://www.eplan.help/ru-ru/Infoportal/Content/Plattform/20
  ❌ Ошибка загрузки

[1340/2007] https://www.eplan.help/ru-ru/Infoportal/Content/Plattform/20
  ❌ Ошибка загрузки

[1341/2007] https://www.eplan.help/ru-ru/Infoportal/Content/Plattform/20
  ❌ Ошибка загрузки

[1342/2007] https://www.eplan.help/ru-ru/Infoportal/Content/Plattform/20
  ❌ Ошибка загрузки

[1343/2007] https://www.eplan.help/ru-ru/Infoportal/Content/Plattform/20
  ❌ Ошибка загрузки

[1344/2007] https://www.eplan.help/ru-ru/Infoportal/Content/Plattform/20
  ❌ Ошибка загрузки

[1345/2007] https://www.eplan.help/ru-ru/Infoportal/Content/Plattform/20
  ❌ Ошибка загрузки

[1346/2007] https://www.eplan.help/ru-ru/Infoportal/Content/Plattform/20
  ❌ Ошибка загрузки

[1347/2007] https://www.eplan.help/ru-ru/Infoportal/Content/Plattform/20
  ❌ Ошибка загрузки

[1348/2007] https://www.eplan.help/ru-ru/Infoportal/Content/Plattform/20
  ❌ Ошибка загрузки

[1349/2007] https://www.eplan.help/ru-ru/Infoportal/Content/Plattform/20
  ❌ Ошибка загрузки

[1350/2007] https://www.eplan.help/ru-ru/Infoportal/Content/Plattform/20
  ❌ Ошибка загрузки

[1351/2007] https://www.eplan.help/ru-ru/Infoportal/Content/Plattform/20
  ❌ Ошибка загрузки

[1352/2007] https://www.eplan.help/ru-ru/Infoportal/Content/Plattform/20
  ❌ Ошибка загрузки

[1353/2007] https://www.eplan.help/ru-ru/Infoportal/Content/Plattform/20
  ❌ Ошибка загрузки

[1354/2007] https://www.eplan.help/ru-ru/Infoportal/Content/Plattform/20
  ❌ Ошибка загрузки

[1355/2007] https://www.eplan.help/ru-ru/Infoportal/Content/Plattform/20
  ❌ Ошибка загрузки

[1356/2007] https://www.eplan.help/ru-ru/Infoportal/Content/Plattform/20
  ❌ Ошибка загрузки

[1357/2007] https://www.eplan.help/ru-ru/Infoportal/Content/Plattform/20
  ❌ Ошибка загрузки

[1358/2007] https://www.eplan.help/ru-ru/Infoportal/Content/Plattform/20
  ❌ Ошибка загрузки

[1359/2007] https://www.eplan.help/ru-ru/Infoportal/Content/Plattform/20
  ❌ Ошибка загрузки

[1360/2007] https://www.eplan.help/ru-ru/Infoportal/Content/Plattform/20
  ❌ Ошибка загрузки

[1361/2007] https://www.eplan.help/ru-ru/Infoportal/Content/Plattform/20
  ❌ Ошибка загрузки

[1362/2007] https://www.eplan.help/ru-ru/Infoportal/Content/Plattform/20
  ❌ Ошибка загрузки

[1363/2007] https://www.eplan.help/ru-ru/Infoportal/Content/Plattform/20
  ❌ Ошибка загрузки

[1364/2007] https://www.eplan.help/ru-ru/Infoportal/Content/Plattform/20
  ❌ Ошибка загрузки

[1365/2007] https://www.eplan.help/ru-ru/Infoportal/Content/Plattform/20
  ❌ Ошибка загрузки

[1366/2007] https://www.eplan.help/ru-ru/Infoportal/Content/Plattform/20
  ❌ Ошибка загрузки

[1367/2007] https://www.eplan.help/ru-ru/Infoportal/Content/Plattform/20
  ❌ Ошибка загрузки

[1368/2007] https://www.eplan.help/ru-ru/Infoportal/Content/Plattform/20
  ❌ Ошибка загрузки

[1369/2007] https://www.eplan.help/ru-ru/Infoportal/Content/Plattform/20
  ❌ Ошибка загрузки

[1370/2007] https://www.eplan.help/ru-ru/Infoportal/Content/Plattform/20
  ❌ Ошибка загрузки

[1371/2007] https://www.eplan.help/ru-ru/Infoportal/Content/Plattform/20
  ❌ Ошибка загрузки

[1372/2007] https://www.eplan.help/ru-ru/Infoportal/Content/Plattform/20
  ❌ Ошибка загрузки

[1373/2007] https://www.eplan.help/ru-ru/Infoportal/Content/Plattform/20
  ❌ Ошибка загрузки

[1374/2007] https://www.eplan.help/ru-ru/Infoportal/Content/Plattform/20
  ❌ Ошибка загрузки

[1375/2007] https://www.eplan.help/ru-ru/Infoportal/Content/Plattform/20
  ❌ Ошибка загрузки

[1376/2007] https://www.eplan.help/ru-ru/Infoportal/Content/Plattform/20
  ❌ Ошибка загрузки

[1377/2007] https://www.eplan.help/ru-ru/Infoportal/Content/Plattform/20
  ❌ Ошибка загрузки

[1378/2007] https://www.eplan.help/ru-ru/Infoportal/Content/Plattform/20
  ❌ Ошибка загрузки

[1379/2007] https://www.eplan.help/ru-ru/Infoportal/Content/Plattform/20
  ❌ Ошибка загрузки

[1380/2007] https://www.eplan.help/ru-ru/Infoportal/Content/Plattform/20
  ❌ Ошибка загрузки

[1381/2007] https://www.eplan.help/ru-ru/Infoportal/Content/Plattform/20
  ❌ Ошибка загрузки

[1382/2007] https://www.eplan.help/ru-ru/Infoportal/Content/Plattform/20
  ❌ Ошибка загрузки

[1383/2007] https://www.eplan.help/ru-ru/Infoportal/Content/Plattform/20
  ❌ Ошибка загрузки

[1384/2007] https://www.eplan.help/ru-ru/Infoportal/Content/Plattform/20
  ❌ Ошибка загрузки

[1385/2007] https://www.eplan.help/ru-ru/Infoportal/Content/Plattform/20
  ❌ Ошибка загрузки

[1386/2007] https://www.eplan.help/ru-ru/Infoportal/Content/Plattform/20
  ❌ Ошибка загрузки

[1387/2007] https://www.eplan.help/ru-ru/Infoportal/Content/Plattform/20
  ❌ Ошибка загрузки

[1388/2007] https://www.eplan.help/ru-ru/Infoportal/Content/Plattform/20
  ❌ Ошибка загрузки

[1389/2007] https://www.eplan.help/ru-ru/Infoportal/Content/Plattform/20
  ❌ Ошибка загрузки

[1390/2007] https://www.eplan.help/ru-ru/Infoportal/Content/Plattform/20
  ❌ Ошибка загрузки

[1391/2007] https://www.eplan.help/ru-ru/Infoportal/Content/Plattform/20
  ❌ Ошибка загрузки

[1392/2007] https://www.eplan.help/ru-ru/Infoportal/Content/Plattform/20
  ❌ Ошибка загрузки

[1393/2007] https://www.eplan.help/ru-ru/Infoportal/Content/Plattform/20
  ❌ Ошибка загрузки

[1394/2007] https://www.eplan.help/ru-ru/Infoportal/Content/Plattform/20
  ❌ Ошибка загрузки

[1395/2007] https://www.eplan.help/ru-ru/Infoportal/Content/Plattform/20
  ❌ Ошибка загрузки

[1396/2007] https://www.eplan.help/ru-ru/Infoportal/Content/Plattform/20
  ❌ Ошибка загрузки

[1397/2007] https://www.eplan.help/ru-ru/Infoportal/Content/Plattform/20
  ❌ Ошибка загрузки

[1398/2007] https://www.eplan.help/ru-ru/Infoportal/Content/Plattform/20
  ❌ Ошибка загрузки

[1399/2007] https://www.eplan.help/ru-ru/Infoportal/Content/Plattform/20
  ❌ Ошибка загрузки

[1400/2007] https://www.eplan.help/ru-ru/Infoportal/Content/Plattform/20
  ❌ Ошибка загрузки

[1401/2007] https://www.eplan.help/ru-ru/Infoportal/Content/Plattform/20
  ❌ Ошибка загрузки

[1402/2007] https://www.eplan.help/ru-ru/Infoportal/Content/Plattform/20
  ❌ Ошибка загрузки

[1403/2007] https://www.eplan.help/ru-ru/Infoportal/Content/Plattform/20
  ❌ Ошибка загрузки

[1404/2007] https://www.eplan.help/ru-ru/Infoportal/Content/Plattform/20
  ❌ Ошибка загрузки

[1405/2007] https://www.eplan.help/ru-ru/Infoportal/Content/Plattform/20
  ❌ Ошибка загрузки

[1406/2007] https://www.eplan.help/ru-ru/Infoportal/Content/Plattform/20
  ❌ Ошибка загрузки

[1407/2007] https://www.eplan.help/ru-ru/Infoportal/Content/Plattform/20
  ❌ Ошибка загрузки

[1408/2007] https://www.eplan.help/ru-ru/Infoportal/Content/Plattform/20
  ❌ Ошибка загрузки

[1409/2007] https://www.eplan.help/ru-ru/Infoportal/Content/Plattform/20
  ❌ Ошибка загрузки

[1410/2007] https://www.eplan.help/ru-ru/Infoportal/Content/Plattform/20
  ❌ Ошибка загрузки

[1411/2007] https://www.eplan.help/ru-ru/Infoportal/Content/Plattform/20
  ❌ Ошибка загрузки

[1412/2007] https://www.eplan.help/ru-ru/Infoportal/Content/Plattform/20
  ❌ Ошибка загрузки

[1413/2007] https://www.eplan.help/ru-ru/Infoportal/Content/Plattform/20
  ❌ Ошибка загрузки

[1414/2007] https://www.eplan.help/ru-ru/Infoportal/Content/Plattform/20
  ❌ Ошибка загрузки

[1415/2007] https://www.eplan.help/ru-ru/Infoportal/Content/Plattform/20
  ❌ Ошибка загрузки

[1416/2007] https://www.eplan.help/ru-ru/Infoportal/Content/Plattform/20
  ❌ Ошибка загрузки

[1417/2007] https://www.eplan.help/ru-ru/Infoportal/Content/Plattform/20
  ❌ Ошибка загрузки

[1418/2007] https://www.eplan.help/ru-ru/Infoportal/Content/Plattform/20
  ❌ Ошибка загрузки

[1419/2007] https://www.eplan.help/ru-ru/Infoportal/Content/Plattform/20
  ❌ Ошибка загрузки

[1420/2007] https://www.eplan.help/ru-ru/Infoportal/Content/Plattform/20
  ❌ Ошибка загрузки

[1421/2007] https://www.eplan.help/ru-ru/Infoportal/Content/Plattform/20
  ❌ Ошибка загрузки

[1422/2007] https://www.eplan.help/ru-ru/Infoportal/Content/Plattform/20
  ❌ Ошибка загрузки

[1423/2007] https://www.eplan.help/ru-ru/Infoportal/Content/Plattform/20
  ❌ Ошибка загрузки

[1424/2007] https://www.eplan.help/ru-ru/Infoportal/Content/Plattform/20
  ❌ Ошибка загрузки

[1425/2007] https://www.eplan.help/ru-ru/Infoportal/Content/Plattform/20
  ❌ Ошибка загрузки

[1426/2007] https://www.eplan.help/ru-ru/Infoportal/Content/Plattform/20
  ❌ Ошибка загрузки

[1427/2007] https://www.eplan.help/ru-ru/Infoportal/Content/Plattform/20
  ❌ Ошибка загрузки

[1428/2007] https://www.eplan.help/ru-ru/Infoportal/Content/Plattform/20
  ❌ Ошибка загрузки

[1429/2007] https://www.eplan.help/ru-ru/Infoportal/Content/Plattform/20
  ❌ Ошибка загрузки

[1430/2007] https://www.eplan.help/ru-ru/Infoportal/Content/Plattform/20
  ❌ Ошибка загрузки

[1431/2007] https://www.eplan.help/ru-ru/Infoportal/Content/Plattform/20
  ❌ Ошибка загрузки

[1432/2007] https://www.eplan.help/ru-ru/Infoportal/Content/Plattform/20
  ❌ Ошибка загрузки

[1433/2007] https://www.eplan.help/ru-ru/Infoportal/Content/Plattform/20
  ❌ Ошибка загрузки

[1434/2007] https://www.eplan.help/ru-ru/Infoportal/Content/Plattform/20
  ❌ Ошибка загрузки

[1435/2007] https://www.eplan.help/ru-ru/Infoportal/Content/Plattform/20
  ❌ Ошибка загрузки

[1436/2007] https://www.eplan.help/ru-ru/Infoportal/Content/Plattform/20
  ❌ Ошибка загрузки

[1437/2007] https://www.eplan.help/ru-ru/Infoportal/Content/Plattform/20
  ❌ Ошибка загрузки

[1438/2007] https://www.eplan.help/ru-ru/Infoportal/Content/Plattform/20
  ❌ Ошибка загрузки

[1439/2007] https://www.eplan.help/ru-ru/Infoportal/Content/Plattform/20
  ❌ Ошибка загрузки

[1440/2007] https://www.eplan.help/ru-ru/Infoportal/Content/Plattform/20
  ❌ Ошибка загрузки

[1441/2007] https://www.eplan.help/ru-ru/Infoportal/Content/Plattform/20
  ❌ Ошибка загрузки

[1442/2007] https://www.eplan.help/ru-ru/Infoportal/Content/Plattform/20
  ❌ Ошибка загрузки

[1443/2007] https://www.eplan.help/ru-ru/Infoportal/Content/Plattform/20
  ❌ Ошибка загрузки

[1444/2007] https://www.eplan.help/ru-ru/Infoportal/Content/Plattform/20
  ❌ Ошибка загрузки

[1445/2007] https://www.eplan.help/ru-ru/Infoportal/Content/Plattform/20
  ❌ Ошибка загрузки

[1446/2007] https://www.eplan.help/ru-ru/Infoportal/Content/Plattform/20
  ❌ Ошибка загрузки

[1447/2007] https://www.eplan.help/ru-ru/Infoportal/Content/Plattform/20
  ❌ Ошибка загрузки

[1448/2007] https://www.eplan.help/ru-ru/Infoportal/Content/Plattform/20
  ❌ Ошибка загрузки

[1449/2007] https://www.eplan.help/ru-ru/Infoportal/Content/Plattform/20
  ❌ Ошибка загрузки

[1450/2007] https://www.eplan.help/ru-ru/Infoportal/Content/Plattform/20
  ❌ Ошибка загрузки

[1451/2007] https://www.eplan.help/ru-ru/Infoportal/Content/Plattform/20
  ❌ Ошибка загрузки

[1452/2007] https://www.eplan.help/ru-ru/Infoportal/Content/Plattform/20
  ❌ Ошибка загрузки

[1453/2007] https://www.eplan.help/ru-ru/Infoportal/Content/Plattform/20
  ❌ Ошибка загрузки

[1454/2007] https://www.eplan.help/ru-ru/Infoportal/Content/Plattform/20
  ❌ Ошибка загрузки

[1455/2007] https://www.eplan.help/ru-ru/Infoportal/Content/Plattform/20
  ❌ Ошибка загрузки

[1456/2007] https://www.eplan.help/ru-ru/Infoportal/Content/Plattform/20
  ❌ Ошибка загрузки

[1457/2007] https://www.eplan.help/ru-ru/Infoportal/Content/Plattform/20
  ❌ Ошибка загрузки

[1458/2007] https://www.eplan.help/ru-ru/Infoportal/Content/Plattform/20
  ❌ Ошибка загрузки

[1459/2007] https://www.eplan.help/ru-ru/Infoportal/Content/Plattform/20
  ❌ Ошибка загрузки

[1460/2007] https://www.eplan.help/ru-ru/Infoportal/Content/Plattform/20
  ❌ Ошибка загрузки

[1461/2007] https://www.eplan.help/ru-ru/Infoportal/Content/Plattform/20
  ❌ Ошибка загрузки

[1462/2007] https://www.eplan.help/ru-ru/Infoportal/Content/Plattform/20
  ❌ Ошибка загрузки

[1463/2007] https://www.eplan.help/ru-ru/Infoportal/Content/Plattform/20
  ❌ Ошибка загрузки

[1464/2007] https://www.eplan.help/ru-ru/Infoportal/Content/Plattform/20
  ❌ Ошибка загрузки

[1465/2007] https://www.eplan.help/ru-ru/Infoportal/Content/Plattform/20
  ❌ Ошибка загрузки

[1466/2007] https://www.eplan.help/ru-ru/Infoportal/Content/Plattform/20
  ❌ Ошибка загрузки

[1467/2007] https://www.eplan.help/ru-ru/Infoportal/Content/Plattform/20
  ❌ Ошибка загрузки

[1468/2007] https://www.eplan.help/ru-ru/Infoportal/Content/Plattform/20
  ❌ Ошибка загрузки

[1469/2007] https://www.eplan.help/ru-ru/Infoportal/Content/Plattform/20
  ❌ Ошибка загрузки

[1470/2007] https://www.eplan.help/ru-ru/Infoportal/Content/Plattform/20
  ❌ Ошибка загрузки

[1471/2007] https://www.eplan.help/ru-ru/Infoportal/Content/Plattform/20
  ❌ Ошибка загрузки

[1472/2007] https://www.eplan.help/ru-ru/Infoportal/Content/Plattform/20
  ❌ Ошибка загрузки

[1473/2007] https://www.eplan.help/ru-ru/Infoportal/Content/Plattform/20
  ❌ Ошибка загрузки

[1474/2007] https://www.eplan.help/ru-ru/Infoportal/Content/Plattform/20
  ❌ Ошибка загрузки

[1475/2007] https://www.eplan.help/ru-ru/Infoportal/Content/Plattform/20
  ❌ Ошибка загрузки

[1476/2007] https://www.eplan.help/ru-ru/Infoportal/Content/Plattform/20
  ❌ Ошибка загрузки

[1477/2007] https://www.eplan.help/ru-ru/Infoportal/Content/Plattform/20
  ❌ Ошибка загрузки

[1478/2007] https://www.eplan.help/ru-ru/Infoportal/Content/Plattform/20
  ❌ Ошибка загрузки

[1479/2007] https://www.eplan.help/ru-ru/Infoportal/Content/Plattform/20
  ❌ Ошибка загрузки

[1480/2007] https://www.eplan.help/ru-ru/Infoportal/Content/Plattform/20
  ❌ Ошибка загрузки

[1481/2007] https://www.eplan.help/ru-ru/Infoportal/Content/Plattform/20
  ❌ Ошибка загрузки

[1482/2007] https://www.eplan.help/ru-ru/Infoportal/Content/Plattform/20
  ❌ Ошибка загрузки

[1483/2007] https://www.eplan.help/ru-ru/Infoportal/Content/Plattform/20
  ❌ Ошибка загрузки

[1484/2007] https://www.eplan.help/ru-ru/Infoportal/Content/Plattform/20
  ❌ Ошибка загрузки

[1485/2007] https://www.eplan.help/ru-ru/Infoportal/Content/Plattform/20
  ❌ Ошибка загрузки

[1486/2007] https://www.eplan.help/ru-ru/Infoportal/Content/Plattform/20
  ❌ Ошибка загрузки

[1487/2007] https://www.eplan.help/ru-ru/Infoportal/Content/Plattform/20
  ❌ Ошибка загрузки

[1488/2007] https://www.eplan.help/ru-ru/Infoportal/Content/Plattform/20
  ❌ Ошибка загрузки

[1489/2007] https://www.eplan.help/ru-ru/Infoportal/Content/Plattform/20
  ❌ Ошибка загрузки

[1490/2007] https://www.eplan.help/ru-ru/Infoportal/Content/Plattform/20
  ❌ Ошибка загрузки

[1491/2007] https://www.eplan.help/ru-ru/Infoportal/Content/Plattform/20
  ❌ Ошибка загрузки

[1492/2007] https://www.eplan.help/ru-ru/Infoportal/Content/Plattform/20
  ❌ Ошибка загрузки

[1493/2007] https://www.eplan.help/ru-ru/Infoportal/Content/Plattform/20
  ❌ Ошибка загрузки

[1494/2007] https://www.eplan.help/ru-ru/Infoportal/Content/Plattform/20
  ❌ Ошибка загрузки

[1495/2007] https://www.eplan.help/ru-ru/Infoportal/Content/Plattform/20
  ❌ Ошибка загрузки

[1496/2007] https://www.eplan.help/ru-ru/Infoportal/Content/Plattform/20
  ❌ Ошибка загрузки

[1497/2007] https://www.eplan.help/ru-ru/Infoportal/Content/Plattform/20
  ❌ Ошибка загрузки

[1498/2007] https://www.eplan.help/ru-ru/Infoportal/Content/Plattform/20
  ❌ Ошибка загрузки

[1499/2007] https://www.eplan.help/ru-ru/Infoportal/Content/Plattform/20
  ❌ Ошибка загрузки

[1500/2007] https://www.eplan.help/ru-ru/Infoportal/Content/Plattform/20
  ❌ Ошибка загрузки

[1501/2007] https://www.eplan.help/ru-ru/Infoportal/Content/Plattform/20
  ❌ Ошибка загрузки

[1502/2007] https://www.eplan.help/ru-ru/Infoportal/Content/Plattform/20
  ❌ Ошибка загрузки

[1503/2007] https://www.eplan.help/ru-ru/Infoportal/Content/Plattform/20
  ❌ Ошибка загрузки

[1504/2007] https://www.eplan.help/ru-ru/Infoportal/Content/Plattform/20
  ❌ Ошибка загрузки

[1505/2007] https://www.eplan.help/ru-ru/Infoportal/Content/Plattform/20
  ❌ Ошибка загрузки

[1506/2007] https://www.eplan.help/ru-ru/Infoportal/Content/Plattform/20
  ❌ Ошибка загрузки

[1507/2007] https://www.eplan.help/ru-ru/Infoportal/Content/Plattform/20
  ❌ Ошибка загрузки

[1508/2007] https://www.eplan.help/ru-ru/Infoportal/Content/Plattform/20
  ❌ Ошибка загрузки

[1509/2007] https://www.eplan.help/ru-ru/Infoportal/Content/Plattform/20
  ❌ Ошибка загрузки

[1510/2007] https://www.eplan.help/ru-ru/Infoportal/Content/Plattform/20
  ❌ Ошибка загрузки

[1511/2007] https://www.eplan.help/ru-ru/Infoportal/Content/Plattform/20
  ❌ Ошибка загрузки

[1512/2007] https://www.eplan.help/ru-ru/Infoportal/Content/Plattform/20
  ❌ Ошибка загрузки

[1513/2007] https://www.eplan.help/ru-ru/Infoportal/Content/Plattform/20
  ❌ Ошибка загрузки

[1514/2007] https://www.eplan.help/ru-ru/Infoportal/Content/Plattform/20
  ❌ Ошибка загрузки

[1515/2007] https://www.eplan.help/ru-ru/Infoportal/Content/Plattform/20
  ❌ Ошибка загрузки

[1516/2007] https://www.eplan.help/ru-ru/Infoportal/Content/Plattform/20
  ❌ Ошибка загрузки

[1517/2007] https://www.eplan.help/ru-ru/Infoportal/Content/Plattform/20
  ❌ Ошибка загрузки

[1518/2007] https://www.eplan.help/ru-ru/Infoportal/Content/Plattform/20
  ❌ Ошибка загрузки

[1519/2007] https://www.eplan.help/ru-ru/Infoportal/Content/Plattform/20
  ❌ Ошибка загрузки

[1520/2007] https://www.eplan.help/ru-ru/Infoportal/Content/Plattform/20
  ❌ Ошибка загрузки

[1521/2007] https://www.eplan.help/ru-ru/Infoportal/Content/Plattform/20
  ❌ Ошибка загрузки

[1522/2007] https://www.eplan.help/ru-ru/Infoportal/Content/Plattform/20
  ❌ Ошибка загрузки

[1523/2007] https://www.eplan.help/ru-ru/Infoportal/Content/Plattform/20
  ❌ Ошибка загрузки

[1524/2007] https://www.eplan.help/ru-ru/Infoportal/Content/Plattform/20
  ❌ Ошибка загрузки

[1525/2007] https://www.eplan.help/ru-ru/Infoportal/Content/Plattform/20
  ❌ Ошибка загрузки

[1526/2007] https://www.eplan.help/ru-ru/Infoportal/Content/Plattform/20
  ❌ Ошибка загрузки

[1527/2007] https://www.eplan.help/ru-ru/Infoportal/Content/Plattform/20
  ❌ Ошибка загрузки

[1528/2007] https://www.eplan.help/ru-ru/Infoportal/Content/Plattform/20
  ❌ Ошибка загрузки

[1529/2007] https://www.eplan.help/ru-ru/Infoportal/Content/Plattform/20
  ❌ Ошибка загрузки

[1530/2007] https://www.eplan.help/ru-ru/Infoportal/Content/Plattform/20
  ❌ Ошибка загрузки

[1531/2007] https://www.eplan.help/ru-ru/Infoportal/Content/Plattform/20
  ❌ Ошибка загрузки

[1532/2007] https://www.eplan.help/ru-ru/Infoportal/Content/Plattform/20
  ❌ Ошибка загрузки

[1533/2007] https://www.eplan.help/ru-ru/Infoportal/Content/Plattform/20
  ❌ Ошибка загрузки

[1534/2007] https://www.eplan.help/ru-ru/Infoportal/Content/Plattform/20
  ❌ Ошибка загрузки

[1535/2007] https://www.eplan.help/ru-ru/Infoportal/Content/Plattform/20
  ❌ Ошибка загрузки

[1536/2007] https://www.eplan.help/ru-ru/Infoportal/Content/Plattform/20
  ❌ Ошибка загрузки

[1537/2007] https://www.eplan.help/ru-ru/Infoportal/Content/Plattform/20
  ❌ Ошибка загрузки

[1538/2007] https://www.eplan.help/ru-ru/Infoportal/Content/Plattform/20
  ❌ Ошибка загрузки

[1539/2007] https://www.eplan.help/ru-ru/Infoportal/Content/Plattform/20
  ❌ Ошибка загрузки

[1540/2007] https://www.eplan.help/ru-ru/Infoportal/Content/Plattform/20
  ❌ Ошибка загрузки

[1541/2007] https://www.eplan.help/ru-ru/Infoportal/Content/Plattform/20
  ❌ Ошибка загрузки

[1542/2007] https://www.eplan.help/ru-ru/Infoportal/Content/Plattform/20
  ❌ Ошибка загрузки

[1543/2007] https://www.eplan.help/ru-ru/Infoportal/Content/Plattform/20
  ❌ Ошибка загрузки

[1544/2007] https://www.eplan.help/ru-ru/Infoportal/Content/Plattform/20
  ❌ Ошибка загрузки

[1545/2007] https://www.eplan.help/ru-ru/Infoportal/Content/Plattform/20
  ❌ Ошибка загрузки

[1546/2007] https://www.eplan.help/ru-ru/Infoportal/Content/Plattform/20
  ❌ Ошибка загрузки

[1547/2007] https://www.eplan.help/ru-ru/Infoportal/Content/Plattform/20
  ❌ Ошибка загрузки

[1548/2007] https://www.eplan.help/ru-ru/Infoportal/Content/Plattform/20
  ❌ Ошибка загрузки

[1549/2007] https://www.eplan.help/ru-ru/Infoportal/Content/Plattform/20
  ❌ Ошибка загрузки

[1550/2007] https://www.eplan.help/ru-ru/Infoportal/Content/Plattform/20
  ❌ Ошибка загрузки

[1551/2007] https://www.eplan.help/ru-ru/Infoportal/Content/Plattform/20
  ❌ Ошибка загрузки

[1552/2007] https://www.eplan.help/ru-ru/Infoportal/Content/Plattform/20
  ❌ Ошибка загрузки

[1553/2007] https://www.eplan.help/ru-ru/Infoportal/Content/Plattform/20
  ❌ Ошибка загрузки

[1554/2007] https://www.eplan.help/ru-ru/Infoportal/Content/Plattform/20
  ❌ Ошибка загрузки

[1555/2007] https://www.eplan.help/ru-ru/Infoportal/Content/Plattform/20
  ❌ Ошибка загрузки

[1556/2007] https://www.eplan.help/ru-ru/Infoportal/Content/Plattform/20
  ❌ Ошибка загрузки

[1557/2007] https://www.eplan.help/ru-ru/Infoportal/Content/Plattform/20
  ❌ Ошибка загрузки

[1558/2007] https://www.eplan.help/ru-ru/Infoportal/Content/Plattform/20
  ❌ Ошибка загрузки

[1559/2007] https://www.eplan.help/ru-ru/Infoportal/Content/Plattform/20
  ❌ Ошибка загрузки

[1560/2007] https://www.eplan.help/ru-ru/Infoportal/Content/Plattform/20
  ❌ Ошибка загрузки

[1561/2007] https://www.eplan.help/ru-ru/Infoportal/Content/Plattform/20
  ❌ Ошибка загрузки

[1562/2007] https://www.eplan.help/ru-ru/Infoportal/Content/Plattform/20
  ❌ Ошибка загрузки

[1563/2007] https://www.eplan.help/ru-ru/Infoportal/Content/Plattform/20
  ❌ Ошибка загрузки

[1564/2007] https://www.eplan.help/ru-ru/Infoportal/Content/Plattform/20
  ❌ Ошибка загрузки

[1565/2007] https://www.eplan.help/ru-ru/Infoportal/Content/Plattform/20
  ❌ Ошибка загрузки

[1566/2007] https://www.eplan.help/ru-ru/Infoportal/Content/Plattform/20
  ❌ Ошибка загрузки

[1567/2007] https://www.eplan.help/ru-ru/Infoportal/Content/Plattform/20
  ❌ Ошибка загрузки

[1568/2007] https://www.eplan.help/ru-ru/Infoportal/Content/Plattform/20
  ❌ Ошибка загрузки

[1569/2007] https://www.eplan.help/ru-ru/Infoportal/Content/Plattform/20
  ❌ Ошибка загрузки

[1570/2007] https://www.eplan.help/ru-ru/Infoportal/Content/Plattform/20
  ❌ Ошибка загрузки

[1571/2007] https://www.eplan.help/ru-ru/Infoportal/Content/Plattform/20
  ❌ Ошибка загрузки

[1572/2007] https://www.eplan.help/ru-ru/Infoportal/Content/Plattform/20
  ❌ Ошибка загрузки

[1573/2007] https://www.eplan.help/ru-ru/Infoportal/Content/Plattform/20
  ❌ Ошибка загрузки

[1574/2007] https://www.eplan.help/ru-ru/Infoportal/Content/Plattform/20
  ❌ Ошибка загрузки

[1575/2007] https://www.eplan.help/ru-ru/Infoportal/Content/Plattform/20
  ❌ Ошибка загрузки

[1576/2007] https://www.eplan.help/ru-ru/Infoportal/Content/Plattform/20
  ❌ Ошибка загрузки

[1577/2007] https://www.eplan.help/ru-ru/Infoportal/Content/Plattform/20
  ❌ Ошибка загрузки

[1578/2007] https://www.eplan.help/ru-ru/Infoportal/Content/Plattform/20
  ❌ Ошибка загрузки

[1579/2007] https://www.eplan.help/ru-ru/Infoportal/Content/Plattform/20
  ❌ Ошибка загрузки

[1580/2007] https://www.eplan.help/ru-ru/Infoportal/Content/Plattform/20
  ❌ Ошибка загрузки

[1581/2007] https://www.eplan.help/ru-ru/Infoportal/Content/Plattform/20
  ❌ Ошибка загрузки

[1582/2007] https://www.eplan.help/ru-ru/Infoportal/Content/Plattform/20
  ❌ Ошибка загрузки

[1583/2007] https://www.eplan.help/ru-ru/Infoportal/Content/Plattform/20
  ❌ Ошибка загрузки

[1584/2007] https://www.eplan.help/ru-ru/Infoportal/Content/Plattform/20
  ❌ Ошибка загрузки

[1585/2007] https://www.eplan.help/ru-ru/Infoportal/Content/Plattform/20
  ❌ Ошибка загрузки

[1586/2007] https://www.eplan.help/ru-ru/Infoportal/Content/Plattform/20
  ❌ Ошибка загрузки

[1587/2007] https://www.eplan.help/ru-ru/Infoportal/Content/Plattform/20
  ❌ Ошибка загрузки

[1588/2007] https://www.eplan.help/ru-ru/Infoportal/Content/Plattform/20
  ❌ Ошибка загрузки

[1589/2007] https://www.eplan.help/ru-ru/Infoportal/Content/Plattform/20
  ❌ Ошибка загрузки

[1590/2007] https://www.eplan.help/ru-ru/Infoportal/Content/Plattform/20
  ❌ Ошибка загрузки

[1591/2007] https://www.eplan.help/ru-ru/Infoportal/Content/Plattform/20
  ❌ Ошибка загрузки

[1592/2007] https://www.eplan.help/ru-ru/Infoportal/Content/Plattform/20
  ❌ Ошибка загрузки

[1593/2007] https://www.eplan.help/ru-ru/Infoportal/Content/Plattform/20
  ❌ Ошибка загрузки

[1594/2007] https://www.eplan.help/ru-ru/Infoportal/Content/Plattform/20
  ❌ Ошибка загрузки

[1595/2007] https://www.eplan.help/ru-ru/Infoportal/Content/Plattform/20
  ❌ Ошибка загрузки

[1596/2007] https://www.eplan.help/ru-ru/Infoportal/Content/Plattform/20
  ❌ Ошибка загрузки

[1597/2007] https://www.eplan.help/ru-ru/Infoportal/Content/Plattform/20
  ❌ Ошибка загрузки

[1598/2007] https://www.eplan.help/ru-ru/Infoportal/Content/Plattform/20
  ❌ Ошибка загрузки

[1599/2007] https://www.eplan.help/ru-ru/Infoportal/Content/Plattform/20
  ❌ Ошибка загрузки

[1600/2007] https://www.eplan.help/ru-ru/Infoportal/Content/Plattform/20
  ❌ Ошибка загрузки

[1601/2007] https://www.eplan.help/ru-ru/Infoportal/Content/Plattform/20
  ❌ Ошибка загрузки

[1602/2007] https://www.eplan.help/ru-ru/Infoportal/Content/Plattform/20
  ❌ Ошибка загрузки

[1603/2007] https://www.eplan.help/ru-ru/Infoportal/Content/Plattform/20
  ❌ Ошибка загрузки

[1604/2007] https://www.eplan.help/ru-ru/Infoportal/Content/Plattform/20
  ❌ Ошибка загрузки

[1605/2007] https://www.eplan.help/ru-ru/Infoportal/Content/Plattform/20
  ❌ Ошибка загрузки

[1606/2007] https://www.eplan.help/ru-ru/Infoportal/Content/Plattform/20
  ❌ Ошибка загрузки

[1607/2007] https://www.eplan.help/ru-ru/Infoportal/Content/Plattform/20
  ❌ Ошибка загрузки

[1608/2007] https://www.eplan.help/ru-ru/Infoportal/Content/Plattform/20
  ❌ Ошибка загрузки

[1609/2007] https://www.eplan.help/ru-ru/Infoportal/Content/Plattform/20
  ❌ Ошибка загрузки

[1610/2007] https://www.eplan.help/ru-ru/Infoportal/Content/Plattform/20
  ❌ Ошибка загрузки

[1611/2007] https://www.eplan.help/ru-ru/Infoportal/Content/Plattform/20
  ❌ Ошибка загрузки

[1612/2007] https://www.eplan.help/ru-ru/Infoportal/Content/Plattform/20
  ❌ Ошибка загрузки

[1613/2007] https://www.eplan.help/ru-ru/Infoportal/Content/Plattform/20
  ❌ Ошибка загрузки

[1614/2007] https://www.eplan.help/ru-ru/Infoportal/Content/Plattform/20
  ❌ Ошибка загрузки

[1615/2007] https://www.eplan.help/ru-ru/Infoportal/Content/Plattform/20
  ❌ Ошибка загрузки

[1616/2007] https://www.eplan.help/ru-ru/Infoportal/Content/Plattform/20
  ❌ Ошибка загрузки

[1617/2007] https://www.eplan.help/ru-ru/Infoportal/Content/Plattform/20
  ❌ Ошибка загрузки

[1618/2007] https://www.eplan.help/ru-ru/Infoportal/Content/Plattform/20
  ❌ Ошибка загрузки

[1619/2007] https://www.eplan.help/ru-ru/Infoportal/Content/Plattform/20
  ❌ Ошибка загрузки

[1620/2007] https://www.eplan.help/ru-ru/Infoportal/Content/Plattform/20
  ❌ Ошибка загрузки

[1621/2007] https://www.eplan.help/ru-ru/Infoportal/Content/Plattform/20
  ❌ Ошибка загрузки

[1622/2007] https://www.eplan.help/ru-ru/Infoportal/Content/Plattform/20
  ❌ Ошибка загрузки

[1623/2007] https://www.eplan.help/ru-ru/Infoportal/Content/Plattform/20
  ❌ Ошибка загрузки

[1624/2007] https://www.eplan.help/ru-ru/Infoportal/Content/Plattform/20
  ❌ Ошибка загрузки

[1625/2007] https://www.eplan.help/ru-ru/Infoportal/Content/Plattform/20
  ❌ Ошибка загрузки

[1626/2007] https://www.eplan.help/ru-ru/Infoportal/Content/Plattform/20
  ❌ Ошибка загрузки

[1627/2007] https://www.eplan.help/ru-ru/Infoportal/Content/Plattform/20
  ❌ Ошибка загрузки

[1628/2007] https://www.eplan.help/ru-ru/Infoportal/Content/Plattform/20
  ❌ Ошибка загрузки

[1629/2007] https://www.eplan.help/ru-ru/Infoportal/Content/Plattform/20
  ❌ Ошибка загрузки

[1630/2007] https://www.eplan.help/ru-ru/Infoportal/Content/Plattform/20
  ❌ Ошибка загрузки

[1631/2007] https://www.eplan.help/ru-ru/Infoportal/Content/Plattform/20
  ❌ Ошибка загрузки

[1632/2007] https://www.eplan.help/ru-ru/Infoportal/Content/Plattform/20
  ❌ Ошибка загрузки

[1633/2007] https://www.eplan.help/ru-ru/Infoportal/Content/Plattform/20
  ❌ Ошибка загрузки

[1634/2007] https://www.eplan.help/ru-ru/Infoportal/Content/Plattform/20
  ❌ Ошибка загрузки

[1635/2007] https://www.eplan.help/ru-ru/Infoportal/Content/Plattform/20
  ❌ Ошибка загрузки

[1636/2007] https://www.eplan.help/ru-ru/Infoportal/Content/Plattform/20
  ❌ Ошибка загрузки

[1637/2007] https://www.eplan.help/ru-ru/Infoportal/Content/Plattform/20
  ❌ Ошибка загрузки

[1638/2007] https://www.eplan.help/ru-ru/Infoportal/Content/Plattform/20
  ❌ Ошибка загрузки

[1639/2007] https://www.eplan.help/ru-ru/Infoportal/Content/Plattform/20
  ❌ Ошибка загрузки

[1640/2007] https://www.eplan.help/ru-ru/Infoportal/Content/Plattform/20
  ❌ Ошибка загрузки

[1641/2007] https://www.eplan.help/ru-ru/Infoportal/Content/Plattform/20
  ❌ Ошибка загрузки

[1642/2007] https://www.eplan.help/ru-ru/Infoportal/Content/Plattform/20
  ❌ Ошибка загрузки

[1643/2007] https://www.eplan.help/ru-ru/Infoportal/Content/Plattform/20
  ❌ Ошибка загрузки

[1644/2007] https://www.eplan.help/ru-ru/Infoportal/Content/Plattform/20
  ❌ Ошибка загрузки

[1645/2007] https://www.eplan.help/ru-ru/Infoportal/Content/Plattform/20
  ❌ Ошибка загрузки

[1646/2007] https://www.eplan.help/ru-ru/Infoportal/Content/Plattform/20
  ❌ Ошибка загрузки

[1647/2007] https://www.eplan.help/ru-ru/Infoportal/Content/Plattform/20
  ❌ Ошибка загрузки

[1648/2007] https://www.eplan.help/ru-ru/Infoportal/Content/Plattform/20
  ❌ Ошибка загрузки

[1649/2007] https://www.eplan.help/ru-ru/Infoportal/Content/Plattform/20
  ❌ Ошибка загрузки

[1650/2007] https://www.eplan.help/ru-ru/Infoportal/Content/Plattform/20
  ❌ Ошибка загрузки

[1651/2007] https://www.eplan.help/ru-ru/Infoportal/Content/Plattform/20
  ❌ Ошибка загрузки

[1652/2007] https://www.eplan.help/ru-ru/Infoportal/Content/Plattform/20
  ❌ Ошибка загрузки

[1653/2007] https://www.eplan.help/ru-ru/Infoportal/Content/Plattform/20
  ❌ Ошибка загрузки

[1654/2007] https://www.eplan.help/ru-ru/Infoportal/Content/Plattform/20
  ❌ Ошибка загрузки

[1655/2007] https://www.eplan.help/ru-ru/Infoportal/Content/Plattform/20
  ❌ Ошибка загрузки

[1656/2007] https://www.eplan.help/ru-ru/Infoportal/Content/Plattform/20
  ❌ Ошибка загрузки

[1657/2007] https://www.eplan.help/ru-ru/Infoportal/Content/Plattform/20
  ❌ Ошибка загрузки

[1658/2007] https://www.eplan.help/ru-ru/Infoportal/Content/Plattform/20
  ❌ Ошибка загрузки

[1659/2007] https://www.eplan.help/ru-ru/Infoportal/Content/Plattform/20
  ❌ Ошибка загрузки

[1660/2007] https://www.eplan.help/ru-ru/Infoportal/Content/Plattform/20
  ❌ Ошибка загрузки

[1661/2007] https://www.eplan.help/ru-ru/Infoportal/Content/Plattform/20
  ❌ Ошибка загрузки

[1662/2007] https://www.eplan.help/ru-ru/Infoportal/Content/Plattform/20
  ❌ Ошибка загрузки

[1663/2007] https://www.eplan.help/ru-ru/Infoportal/Content/Plattform/20
  ❌ Ошибка загрузки

[1664/2007] https://www.eplan.help/ru-ru/Infoportal/Content/Plattform/20
  ❌ Ошибка загрузки

[1665/2007] https://www.eplan.help/ru-ru/Infoportal/Content/Plattform/20
  ❌ Ошибка загрузки

[1666/2007] https://www.eplan.help/ru-ru/Infoportal/Content/Plattform/20
  ❌ Ошибка загрузки

[1667/2007] https://www.eplan.help/ru-ru/Infoportal/Content/Plattform/20
  ❌ Ошибка загрузки

[1668/2007] https://www.eplan.help/ru-ru/Infoportal/Content/Plattform/20
  ❌ Ошибка загрузки

[1669/2007] https://www.eplan.help/ru-ru/Infoportal/Content/Plattform/20
  ❌ Ошибка загрузки

[1670/2007] https://www.eplan.help/ru-ru/Infoportal/Content/Plattform/20
  ❌ Ошибка загрузки

[1671/2007] https://www.eplan.help/ru-ru/Infoportal/Content/Plattform/20
  ❌ Ошибка загрузки

[1672/2007] https://www.eplan.help/ru-ru/Infoportal/Content/Plattform/20
  ❌ Ошибка загрузки

[1673/2007] https://www.eplan.help/ru-ru/Infoportal/Content/Plattform/20
  ❌ Ошибка загрузки

[1674/2007] https://www.eplan.help/ru-ru/Infoportal/Content/Plattform/20
  ❌ Ошибка загрузки

[1675/2007] https://www.eplan.help/ru-ru/Infoportal/Content/Plattform/20
  ❌ Ошибка загрузки

[1676/2007] https://www.eplan.help/ru-ru/Infoportal/Content/Plattform/20
  ❌ Ошибка загрузки

[1677/2007] https://www.eplan.help/ru-ru/Infoportal/Content/Plattform/20
  ❌ Ошибка загрузки

[1678/2007] https://www.eplan.help/ru-ru/Infoportal/Content/Plattform/20
  ❌ Ошибка загрузки

[1679/2007] https://www.eplan.help/ru-ru/Infoportal/Content/Plattform/20
  ❌ Ошибка загрузки

[1680/2007] https://www.eplan.help/ru-ru/Infoportal/Content/Plattform/20
  ❌ Ошибка загрузки

[1681/2007] https://www.eplan.help/ru-ru/Infoportal/Content/Plattform/20
  ❌ Ошибка загрузки

[1682/2007] https://www.eplan.help/ru-ru/Infoportal/Content/Plattform/20
  ❌ Ошибка загрузки

[1683/2007] https://www.eplan.help/ru-ru/Infoportal/Content/Plattform/20
  ❌ Ошибка загрузки

[1684/2007] https://www.eplan.help/ru-ru/Infoportal/Content/Plattform/20
  ❌ Ошибка загрузки

[1685/2007] https://www.eplan.help/ru-ru/Infoportal/Content/Plattform/20
  ❌ Ошибка загрузки

[1686/2007] https://www.eplan.help/ru-ru/Infoportal/Content/Plattform/20
  ❌ Ошибка загрузки

[1687/2007] https://www.eplan.help/ru-ru/Infoportal/Content/Plattform/20
  ❌ Ошибка загрузки

[1688/2007] https://www.eplan.help/ru-ru/Infoportal/Content/Plattform/20
  ❌ Ошибка загрузки

[1689/2007] https://www.eplan.help/ru-ru/Infoportal/Content/Plattform/20
  ❌ Ошибка загрузки

[1690/2007] https://www.eplan.help/ru-ru/Infoportal/Content/Plattform/20
  ❌ Ошибка загрузки

[1691/2007] https://www.eplan.help/ru-ru/Infoportal/Content/Plattform/20
  ❌ Ошибка загрузки

[1692/2007] https://www.eplan.help/ru-ru/Infoportal/Content/Plattform/20
  ❌ Ошибка загрузки

[1693/2007] https://www.eplan.help/ru-ru/Infoportal/Content/Plattform/20
  ❌ Ошибка загрузки

[1694/2007] https://www.eplan.help/ru-ru/Infoportal/Content/Plattform/20
  ❌ Ошибка загрузки

[1695/2007] https://www.eplan.help/ru-ru/Infoportal/Content/Plattform/20
  ❌ Ошибка загрузки

[1696/2007] https://www.eplan.help/ru-ru/Infoportal/Content/Plattform/20
  ❌ Ошибка загрузки

[1697/2007] https://www.eplan.help/ru-ru/Infoportal/Content/Plattform/20
  ❌ Ошибка загрузки

[1698/2007] https://www.eplan.help/ru-ru/Infoportal/Content/Plattform/20
  ❌ Ошибка загрузки

[1699/2007] https://www.eplan.help/ru-ru/Infoportal/Content/Plattform/20
  ❌ Ошибка загрузки

[1700/2007] https://www.eplan.help/ru-ru/Infoportal/Content/Plattform/20
  ❌ Ошибка загрузки

[1701/2007] https://www.eplan.help/ru-ru/Infoportal/Content/Plattform/20
  ❌ Ошибка загрузки

[1702/2007] https://www.eplan.help/ru-ru/Infoportal/Content/Plattform/20
  ❌ Ошибка загрузки

[1703/2007] https://www.eplan.help/ru-ru/Infoportal/Content/Plattform/20
  ❌ Ошибка загрузки

[1704/2007] https://www.eplan.help/ru-ru/Infoportal/Content/Plattform/20
  ❌ Ошибка загрузки

[1705/2007] https://www.eplan.help/ru-ru/Infoportal/Content/Plattform/20
  ❌ Ошибка загрузки

[1706/2007] https://www.eplan.help/ru-ru/Infoportal/Content/Plattform/20
  ❌ Ошибка загрузки

[1707/2007] https://www.eplan.help/ru-ru/Infoportal/Content/Plattform/20
  ❌ Ошибка загрузки

[1708/2007] https://www.eplan.help/ru-ru/Infoportal/Content/Plattform/20
  ❌ Ошибка загрузки

[1709/2007] https://www.eplan.help/ru-ru/Infoportal/Content/Plattform/20
  ❌ Ошибка загрузки

[1710/2007] https://www.eplan.help/ru-ru/Infoportal/Content/Plattform/20
  ❌ Ошибка загрузки

[1711/2007] https://www.eplan.help/ru-ru/Infoportal/Content/Plattform/20
  ❌ Ошибка загрузки

[1712/2007] https://www.eplan.help/ru-ru/Infoportal/Content/Plattform/20
  ❌ Ошибка загрузки

[1713/2007] https://www.eplan.help/ru-ru/Infoportal/Content/Plattform/20
  ❌ Ошибка загрузки

[1714/2007] https://www.eplan.help/ru-ru/Infoportal/Content/Plattform/20
  ❌ Ошибка загрузки

[1715/2007] https://www.eplan.help/ru-ru/Infoportal/Content/Plattform/20
  ❌ Ошибка загрузки

[1716/2007] https://www.eplan.help/ru-ru/Infoportal/Content/Plattform/20
  ❌ Ошибка загрузки

[1717/2007] https://www.eplan.help/ru-ru/Infoportal/Content/Plattform/20
  ❌ Ошибка загрузки

[1718/2007] https://www.eplan.help/ru-ru/Infoportal/Content/Plattform/20
  ❌ Ошибка загрузки

[1719/2007] https://www.eplan.help/ru-ru/Infoportal/Content/Plattform/20
  ❌ Ошибка загрузки

[1720/2007] https://www.eplan.help/ru-ru/Infoportal/Content/Plattform/20
  ❌ Ошибка загрузки

[1721/2007] https://www.eplan.help/ru-ru/Infoportal/Content/Plattform/20
  ❌ Ошибка загрузки

[1722/2007] https://www.eplan.help/ru-ru/Infoportal/Content/Plattform/20
  ❌ Ошибка загрузки

[1723/2007] https://www.eplan.help/ru-ru/Infoportal/Content/Plattform/20
  ❌ Ошибка загрузки

[1724/2007] https://www.eplan.help/ru-ru/Infoportal/Content/Plattform/20
  ❌ Ошибка загрузки

[1725/2007] https://www.eplan.help/ru-ru/Infoportal/Content/Plattform/20
  ❌ Ошибка загрузки

[1726/2007] https://www.eplan.help/ru-ru/Infoportal/Content/Plattform/20
  ❌ Ошибка загрузки

[1727/2007] https://www.eplan.help/ru-ru/Infoportal/Content/Plattform/20
  ❌ Ошибка загрузки

[1728/2007] https://www.eplan.help/ru-ru/Infoportal/Content/Plattform/20
  ❌ Ошибка загрузки

[1729/2007] https://www.eplan.help/ru-ru/Infoportal/Content/Plattform/20
  ❌ Ошибка загрузки

[1730/2007] https://www.eplan.help/ru-ru/Infoportal/Content/Plattform/20
  ❌ Ошибка загрузки

[1731/2007] https://www.eplan.help/ru-ru/Infoportal/Content/Plattform/20
  ❌ Ошибка загрузки

[1732/2007] https://www.eplan.help/ru-ru/Infoportal/Content/Plattform/20
  ❌ Ошибка загрузки

[1733/2007] https://www.eplan.help/ru-ru/Infoportal/Content/Plattform/20
  ❌ Ошибка загрузки

[1734/2007] https://www.eplan.help/ru-ru/Infoportal/Content/Plattform/20
  ❌ Ошибка загрузки

[1735/2007] https://www.eplan.help/ru-ru/Infoportal/Content/Plattform/20
  ❌ Ошибка загрузки

[1736/2007] https://www.eplan.help/ru-ru/Infoportal/Content/Plattform/20
  ❌ Ошибка загрузки

[1737/2007] https://www.eplan.help/ru-ru/Infoportal/Content/Plattform/20
  ❌ Ошибка загрузки

[1738/2007] https://www.eplan.help/ru-ru/Infoportal/Content/Plattform/20
  ❌ Ошибка загрузки

[1739/2007] https://www.eplan.help/ru-ru/Infoportal/Content/Plattform/20
  ❌ Ошибка загрузки

[1740/2007] https://www.eplan.help/ru-ru/Infoportal/Content/Plattform/20
  ❌ Ошибка загрузки

[1741/2007] https://www.eplan.help/ru-ru/Infoportal/Content/Plattform/20
  ❌ Ошибка загрузки

[1742/2007] https://www.eplan.help/ru-ru/Infoportal/Content/Plattform/20
  ❌ Ошибка загрузки

[1743/2007] https://www.eplan.help/ru-ru/Infoportal/Content/Plattform/20
  ❌ Ошибка загрузки

[1744/2007] https://www.eplan.help/ru-ru/Infoportal/Content/Plattform/20
  ❌ Ошибка загрузки

[1745/2007] https://www.eplan.help/ru-ru/Infoportal/Content/Plattform/20
  ❌ Ошибка загрузки

[1746/2007] https://www.eplan.help/ru-ru/Infoportal/Content/Plattform/20
  ❌ Ошибка загрузки

[1747/2007] https://www.eplan.help/ru-ru/Infoportal/Content/Plattform/20
  ❌ Ошибка загрузки

[1748/2007] https://www.eplan.help/ru-ru/Infoportal/Content/Plattform/20
  ❌ Ошибка загрузки

[1749/2007] https://www.eplan.help/ru-ru/Infoportal/Content/Plattform/20
  ❌ Ошибка загрузки

[1750/2007] https://www.eplan.help/ru-ru/Infoportal/Content/Plattform/20
  ❌ Ошибка загрузки

[1751/2007] https://www.eplan.help/ru-ru/Infoportal/Content/Plattform/20
  ❌ Ошибка загрузки

[1752/2007] https://www.eplan.help/ru-ru/Infoportal/Content/Plattform/20
  ❌ Ошибка загрузки

[1753/2007] https://www.eplan.help/ru-ru/Infoportal/Content/Plattform/20
  ❌ Ошибка загрузки

[1754/2007] https://www.eplan.help/ru-ru/Infoportal/Content/Plattform/20
  ❌ Ошибка загрузки

[1755/2007] https://www.eplan.help/ru-ru/Infoportal/Content/Plattform/20
  ❌ Ошибка загрузки

[1756/2007] https://www.eplan.help/ru-ru/Infoportal/Content/Plattform/20
  ❌ Ошибка загрузки

[1757/2007] https://www.eplan.help/ru-ru/Infoportal/Content/Plattform/20
  ❌ Ошибка загрузки

[1758/2007] https://www.eplan.help/ru-ru/Infoportal/Content/Plattform/20
  ❌ Ошибка загрузки

[1759/2007] https://www.eplan.help/ru-ru/Infoportal/Content/Plattform/20
  ❌ Ошибка загрузки

[1760/2007] https://www.eplan.help/ru-ru/Infoportal/Content/Plattform/20
  ❌ Ошибка загрузки

[1761/2007] https://www.eplan.help/ru-ru/Infoportal/Content/Plattform/20
  ❌ Ошибка загрузки

[1762/2007] https://www.eplan.help/ru-ru/Infoportal/Content/Plattform/20
  ❌ Ошибка загрузки

[1763/2007] https://www.eplan.help/ru-ru/Infoportal/Content/Plattform/20
  ❌ Ошибка загрузки

[1764/2007] https://www.eplan.help/ru-ru/Infoportal/Content/Plattform/20
  ❌ Ошибка загрузки

[1765/2007] https://www.eplan.help/ru-ru/Infoportal/Content/Plattform/20
  ❌ Ошибка загрузки

[1766/2007] https://www.eplan.help/ru-ru/Infoportal/Content/Plattform/20
  ❌ Ошибка загрузки

[1767/2007] https://www.eplan.help/ru-ru/Infoportal/Content/Plattform/20
  ❌ Ошибка загрузки

[1768/2007] https://www.eplan.help/ru-ru/Infoportal/Content/Plattform/20
  ❌ Ошибка загрузки

[1769/2007] https://www.eplan.help/ru-ru/Infoportal/Content/Plattform/20
  ❌ Ошибка загрузки

[1770/2007] https://www.eplan.help/ru-ru/Infoportal/Content/Plattform/20
  ❌ Ошибка загрузки

[1771/2007] https://www.eplan.help/ru-ru/Infoportal/Content/Plattform/20
  ❌ Ошибка загрузки

[1772/2007] https://www.eplan.help/ru-ru/Infoportal/Content/Plattform/20
  ❌ Ошибка загрузки

[1773/2007] https://www.eplan.help/ru-ru/Infoportal/Content/Plattform/20
  ❌ Ошибка загрузки

[1774/2007] https://www.eplan.help/ru-ru/Infoportal/Content/Plattform/20
  ❌ Ошибка загрузки

[1775/2007] https://www.eplan.help/ru-ru/Infoportal/Content/Plattform/20
  ❌ Ошибка загрузки

[1776/2007] https://www.eplan.help/ru-ru/Infoportal/Content/Plattform/20
  ❌ Ошибка загрузки

[1777/2007] https://www.eplan.help/ru-ru/Infoportal/Content/Plattform/20
  ❌ Ошибка загрузки

[1778/2007] https://www.eplan.help/ru-ru/Infoportal/Content/Plattform/20
  ❌ Ошибка загрузки

[1779/2007] https://www.eplan.help/ru-ru/Infoportal/Content/Plattform/20
  ❌ Ошибка загрузки

[1780/2007] https://www.eplan.help/ru-ru/Infoportal/Content/Plattform/20
  ❌ Ошибка загрузки

[1781/2007] https://www.eplan.help/ru-ru/Infoportal/Content/Plattform/20
  ❌ Ошибка загрузки

[1782/2007] https://www.eplan.help/ru-ru/Infoportal/Content/Plattform/20
  ❌ Ошибка загрузки

[1783/2007] https://www.eplan.help/ru-ru/Infoportal/Content/Plattform/20
  ❌ Ошибка загрузки

[1784/2007] https://www.eplan.help/ru-ru/Infoportal/Content/Plattform/20
  ❌ Ошибка загрузки

[1785/2007] https://www.eplan.help/ru-ru/Infoportal/Content/Plattform/20
  ❌ Ошибка загрузки

[1786/2007] https://www.eplan.help/ru-ru/Infoportal/Content/Plattform/20
  ❌ Ошибка загрузки

[1787/2007] https://www.eplan.help/ru-ru/Infoportal/Content/Plattform/20
  ❌ Ошибка загрузки

[1788/2007] https://www.eplan.help/ru-ru/Infoportal/Content/Plattform/20
  ❌ Ошибка загрузки

[1789/2007] https://www.eplan.help/ru-ru/Infoportal/Content/Plattform/20
  ❌ Ошибка загрузки

[1790/2007] https://www.eplan.help/ru-ru/Infoportal/Content/Plattform/20
  ❌ Ошибка загрузки

[1791/2007] https://www.eplan.help/ru-ru/Infoportal/Content/Plattform/20
  ❌ Ошибка загрузки

[1792/2007] https://www.eplan.help/ru-ru/Infoportal/Content/Plattform/20
  ❌ Ошибка загрузки

[1793/2007] https://www.eplan.help/ru-ru/Infoportal/Content/Plattform/20
  ❌ Ошибка загрузки

[1794/2007] https://www.eplan.help/ru-ru/Infoportal/Content/Plattform/20
  ❌ Ошибка загрузки

[1795/2007] https://www.eplan.help/ru-ru/Infoportal/Content/Plattform/20
  ❌ Ошибка загрузки

[1796/2007] https://www.eplan.help/ru-ru/Infoportal/Content/Plattform/20
  ❌ Ошибка загрузки

[1797/2007] https://www.eplan.help/ru-ru/Infoportal/Content/Plattform/20
  ❌ Ошибка загрузки

[1798/2007] https://www.eplan.help/ru-ru/Infoportal/Content/Plattform/20
  ❌ Ошибка загрузки

[1799/2007] https://www.eplan.help/ru-ru/Infoportal/Content/Plattform/20
  ❌ Ошибка загрузки

[1800/2007] https://www.eplan.help/ru-ru/Infoportal/Content/Plattform/20
  ❌ Ошибка загрузки

[1801/2007] https://www.eplan.help/ru-ru/Infoportal/Content/Plattform/20
  ❌ Ошибка загрузки

[1802/2007] https://www.eplan.help/ru-ru/Infoportal/Content/Plattform/20
  ❌ Ошибка загрузки

[1803/2007] https://www.eplan.help/ru-ru/Infoportal/Content/Plattform/20
  ❌ Ошибка загрузки

[1804/2007] https://www.eplan.help/ru-ru/Infoportal/Content/Plattform/20
  ❌ Ошибка загрузки

[1805/2007] https://www.eplan.help/ru-ru/Infoportal/Content/Plattform/20
  ❌ Ошибка загрузки

[1806/2007] https://www.eplan.help/ru-ru/Infoportal/Content/Plattform/20
  ❌ Ошибка загрузки

[1807/2007] https://www.eplan.help/ru-ru/Infoportal/Content/Plattform/20
  ❌ Ошибка загрузки

[1808/2007] https://www.eplan.help/ru-ru/Infoportal/Content/Plattform/20
  ❌ Ошибка загрузки

[1809/2007] https://www.eplan.help/ru-ru/Infoportal/Content/Plattform/20
  ❌ Ошибка загрузки

[1810/2007] https://www.eplan.help/ru-ru/Infoportal/Content/Plattform/20
  ❌ Ошибка загрузки

[1811/2007] https://www.eplan.help/ru-ru/Infoportal/Content/Plattform/20
  ❌ Ошибка загрузки

[1812/2007] https://www.eplan.help/ru-ru/Infoportal/Content/Plattform/20
  ❌ Ошибка загрузки

[1813/2007] https://www.eplan.help/ru-ru/Infoportal/Content/Plattform/20
  ❌ Ошибка загрузки

[1814/2007] https://www.eplan.help/ru-ru/Infoportal/Content/Plattform/20
  ❌ Ошибка загрузки

[1815/2007] https://www.eplan.help/ru-ru/Infoportal/Content/Plattform/20
  ❌ Ошибка загрузки

[1816/2007] https://www.eplan.help/ru-ru/Infoportal/Content/Plattform/20
  ❌ Ошибка загрузки

[1817/2007] https://www.eplan.help/ru-ru/Infoportal/Content/Plattform/20
  ❌ Ошибка загрузки

[1818/2007] https://www.eplan.help/ru-ru/Infoportal/Content/Plattform/20
  ❌ Ошибка загрузки

[1819/2007] https://www.eplan.help/ru-ru/Infoportal/Content/Plattform/20
  ❌ Ошибка загрузки

[1820/2007] https://www.eplan.help/ru-ru/Infoportal/Content/Plattform/20
  ❌ Ошибка загрузки

[1821/2007] https://www.eplan.help/ru-ru/Infoportal/Content/Plattform/20
  ❌ Ошибка загрузки

[1822/2007] https://www.eplan.help/ru-ru/Infoportal/Content/Plattform/20
  ❌ Ошибка загрузки

[1823/2007] https://www.eplan.help/ru-ru/Infoportal/Content/Plattform/20
  ❌ Ошибка загрузки

[1824/2007] https://www.eplan.help/ru-ru/Infoportal/Content/Plattform/20
  ❌ Ошибка загрузки

[1825/2007] https://www.eplan.help/ru-ru/Infoportal/Content/Plattform/20
  ❌ Ошибка загрузки

[1826/2007] https://www.eplan.help/ru-ru/Infoportal/Content/Plattform/20
  ❌ Ошибка загрузки

[1827/2007] https://www.eplan.help/ru-ru/Infoportal/Content/Plattform/20
  ❌ Ошибка загрузки

[1828/2007] https://www.eplan.help/ru-ru/Infoportal/Content/Plattform/20
  ❌ Ошибка загрузки

[1829/2007] https://www.eplan.help/ru-ru/Infoportal/Content/Plattform/20
  ❌ Ошибка загрузки

[1830/2007] https://www.eplan.help/ru-ru/Infoportal/Content/Plattform/20
  ❌ Ошибка загрузки

[1831/2007] https://www.eplan.help/ru-ru/Infoportal/Content/Plattform/20
  ❌ Ошибка загрузки

[1832/2007] https://www.eplan.help/ru-ru/Infoportal/Content/Plattform/20
  ❌ Ошибка загрузки

[1833/2007] https://www.eplan.help/ru-ru/Infoportal/Content/Plattform/20
  ❌ Ошибка загрузки

[1834/2007] https://www.eplan.help/ru-ru/Infoportal/Content/Plattform/20
  ❌ Ошибка загрузки

[1835/2007] https://www.eplan.help/ru-ru/Infoportal/Content/Plattform/20
  ❌ Ошибка загрузки

[1836/2007] https://www.eplan.help/ru-ru/Infoportal/Content/Plattform/20
  ❌ Ошибка загрузки

[1837/2007] https://www.eplan.help/ru-ru/Infoportal/Content/Plattform/20
  ❌ Ошибка загрузки

[1838/2007] https://www.eplan.help/ru-ru/Infoportal/Content/Plattform/20
  ❌ Ошибка загрузки

[1839/2007] https://www.eplan.help/ru-ru/Infoportal/Content/Plattform/20
  ❌ Ошибка загрузки

[1840/2007] https://www.eplan.help/ru-ru/Infoportal/Content/Plattform/20
  ❌ Ошибка загрузки

[1841/2007] https://www.eplan.help/ru-ru/Infoportal/Content/Plattform/20
  ❌ Ошибка загрузки

[1842/2007] https://www.eplan.help/ru-ru/Infoportal/Content/Plattform/20
  ❌ Ошибка загрузки

[1843/2007] https://www.eplan.help/ru-ru/Infoportal/Content/Plattform/20
  ❌ Ошибка загрузки

[1844/2007] https://www.eplan.help/ru-ru/Infoportal/Content/Plattform/20
  ❌ Ошибка загрузки

[1845/2007] https://www.eplan.help/ru-ru/Infoportal/Content/Plattform/20
  ❌ Ошибка загрузки

[1846/2007] https://www.eplan.help/ru-ru/Infoportal/Content/Plattform/20
  ❌ Ошибка загрузки

[1847/2007] https://www.eplan.help/ru-ru/Infoportal/Content/Plattform/20
  ❌ Ошибка загрузки

[1848/2007] https://www.eplan.help/ru-ru/Infoportal/Content/Plattform/20
  ❌ Ошибка загрузки

[1849/2007] https://www.eplan.help/ru-ru/Infoportal/Content/Plattform/20
  ❌ Ошибка загрузки

[1850/2007] https://www.eplan.help/ru-ru/Infoportal/Content/Plattform/20
  ❌ Ошибка загрузки

[1851/2007] https://www.eplan.help/ru-ru/Infoportal/Content/Plattform/20
  ❌ Ошибка загрузки

[1852/2007] https://www.eplan.help/ru-ru/Infoportal/Content/Plattform/20
  ❌ Ошибка загрузки

[1853/2007] https://www.eplan.help/ru-ru/Infoportal/Content/Plattform/20
  ❌ Ошибка загрузки

[1854/2007] https://www.eplan.help/ru-ru/Infoportal/Content/Plattform/20
  ❌ Ошибка загрузки

[1855/2007] https://www.eplan.help/ru-ru/Infoportal/Content/Plattform/20
  ❌ Ошибка загрузки

[1856/2007] https://www.eplan.help/ru-ru/Infoportal/Content/Plattform/20
  ❌ Ошибка загрузки

[1857/2007] https://www.eplan.help/ru-ru/Infoportal/Content/Plattform/20
  ❌ Ошибка загрузки

[1858/2007] https://www.eplan.help/ru-ru/Infoportal/Content/Plattform/20
  ❌ Ошибка загрузки

[1859/2007] https://www.eplan.help/ru-ru/Infoportal/Content/Plattform/20
  ❌ Ошибка загрузки

[1860/2007] https://www.eplan.help/ru-ru/Infoportal/Content/Plattform/20
  ❌ Ошибка загрузки

[1861/2007] https://www.eplan.help/ru-ru/Infoportal/Content/Plattform/20
  ❌ Ошибка загрузки

[1862/2007] https://www.eplan.help/ru-ru/Infoportal/Content/Plattform/20
  ❌ Ошибка загрузки

[1863/2007] https://www.eplan.help/ru-ru/Infoportal/Content/Plattform/20
  ❌ Ошибка загрузки

[1864/2007] https://www.eplan.help/ru-ru/Infoportal/Content/Plattform/20
  ❌ Ошибка загрузки

[1865/2007] https://www.eplan.help/ru-ru/Infoportal/Content/Plattform/20
  ❌ Ошибка загрузки

[1866/2007] https://www.eplan.help/ru-ru/Infoportal/Content/Plattform/20
  ❌ Ошибка загрузки

[1867/2007] https://www.eplan.help/ru-ru/Infoportal/Content/Plattform/20
  ❌ Ошибка загрузки

[1868/2007] https://www.eplan.help/ru-ru/Infoportal/Content/Plattform/20
  ❌ Ошибка загрузки

[1869/2007] https://www.eplan.help/ru-ru/Infoportal/Content/Plattform/20
  ❌ Ошибка загрузки

[1870/2007] https://www.eplan.help/ru-ru/Infoportal/Content/Plattform/20
  ❌ Ошибка загрузки

[1871/2007] https://www.eplan.help/ru-ru/Infoportal/Content/Plattform/20
  ❌ Ошибка загрузки

[1872/2007] https://www.eplan.help/ru-ru/Infoportal/Content/Plattform/20
  ❌ Ошибка загрузки

[1873/2007] https://www.eplan.help/ru-ru/Infoportal/Content/Plattform/20
  ❌ Ошибка загрузки

[1874/2007] https://www.eplan.help/ru-ru/Infoportal/Content/Plattform/20
  ❌ Ошибка загрузки

[1875/2007] https://www.eplan.help/ru-ru/Infoportal/Content/Plattform/20
  ❌ Ошибка загрузки

[1876/2007] https://www.eplan.help/ru-ru/Infoportal/Content/Plattform/20
  ❌ Ошибка загрузки

[1877/2007] https://www.eplan.help/ru-ru/Infoportal/Content/Plattform/20
  ❌ Ошибка загрузки

[1878/2007] https://www.eplan.help/ru-ru/Infoportal/Content/Plattform/20
  ❌ Ошибка загрузки

[1879/2007] https://www.eplan.help/ru-ru/Infoportal/Content/Plattform/20
  ❌ Ошибка загрузки

[1880/2007] https://www.eplan.help/ru-ru/Infoportal/Content/Plattform/20
  ❌ Ошибка загрузки

[1881/2007] https://www.eplan.help/ru-ru/Infoportal/Content/Plattform/20
  ❌ Ошибка загрузки

[1882/2007] https://www.eplan.help/ru-ru/Infoportal/Content/Plattform/20
  ❌ Ошибка загрузки

[1883/2007] https://www.eplan.help/ru-ru/Infoportal/Content/Plattform/20
  ❌ Ошибка загрузки

[1884/2007] https://www.eplan.help/ru-ru/Infoportal/Content/Plattform/20
  ❌ Ошибка загрузки

[1885/2007] https://www.eplan.help/ru-ru/Infoportal/Content/Plattform/20
  ❌ Ошибка загрузки

[1886/2007] https://www.eplan.help/ru-ru/Infoportal/Content/Plattform/20
  ❌ Ошибка загрузки

[1887/2007] https://www.eplan.help/ru-ru/Infoportal/Content/Plattform/20
  ❌ Ошибка загрузки

[1888/2007] https://www.eplan.help/ru-ru/Infoportal/Content/Plattform/20
  ❌ Ошибка загрузки

[1889/2007] https://www.eplan.help/ru-ru/Infoportal/Content/Plattform/20
  ❌ Ошибка загрузки

[1890/2007] https://www.eplan.help/ru-ru/Infoportal/Content/Plattform/20
  ❌ Ошибка загрузки

[1891/2007] https://www.eplan.help/ru-ru/Infoportal/Content/Plattform/20
  ❌ Ошибка загрузки

[1892/2007] https://www.eplan.help/ru-ru/Infoportal/Content/Plattform/20
  ❌ Ошибка загрузки

[1893/2007] https://www.eplan.help/ru-ru/Infoportal/Content/Plattform/20
  ❌ Ошибка загрузки

[1894/2007] https://www.eplan.help/ru-ru/Infoportal/Content/Plattform/20
  ❌ Ошибка загрузки

[1895/2007] https://www.eplan.help/ru-ru/Infoportal/Content/Plattform/20
  ❌ Ошибка загрузки

[1896/2007] https://www.eplan.help/ru-ru/Infoportal/Content/Plattform/20
  ❌ Ошибка загрузки

[1897/2007] https://www.eplan.help/ru-ru/Infoportal/Content/Plattform/20
  ❌ Ошибка загрузки

[1898/2007] https://www.eplan.help/ru-ru/Infoportal/Content/Plattform/20
  ❌ Ошибка загрузки

[1899/2007] https://www.eplan.help/ru-ru/Infoportal/Content/Plattform/20
  ❌ Ошибка загрузки

[1900/2007] https://www.eplan.help/ru-ru/Infoportal/Content/Plattform/20
  ❌ Ошибка загрузки

[1901/2007] https://www.eplan.help/ru-ru/Infoportal/Content/Plattform/20
  ❌ Ошибка загрузки

[1902/2007] https://www.eplan.help/ru-ru/Infoportal/Content/Plattform/20
  ❌ Ошибка загрузки

[1903/2007] https://www.eplan.help/ru-ru/Infoportal/Content/Plattform/20
  ❌ Ошибка загрузки

[1904/2007] https://www.eplan.help/ru-ru/Infoportal/Content/Plattform/20
  ❌ Ошибка загрузки

[1905/2007] https://www.eplan.help/ru-ru/Infoportal/Content/Plattform/20
  ❌ Ошибка загрузки

[1906/2007] https://www.eplan.help/ru-ru/Infoportal/Content/Plattform/20
  ❌ Ошибка загрузки

[1907/2007] https://www.eplan.help/ru-ru/Infoportal/Content/Plattform/20
  ❌ Ошибка загрузки

[1908/2007] https://www.eplan.help/ru-ru/Infoportal/Content/Plattform/20
  ❌ Ошибка загрузки

[1909/2007] https://www.eplan.help/ru-ru/Infoportal/Content/Plattform/20
  ❌ Ошибка загрузки

[1910/2007] https://www.eplan.help/ru-ru/Infoportal/Content/Plattform/20
  ❌ Ошибка загрузки

[1911/2007] https://www.eplan.help/ru-ru/Infoportal/Content/Plattform/20
  ❌ Ошибка загрузки

[1912/2007] https://www.eplan.help/ru-ru/Infoportal/Content/Plattform/20
  ❌ Ошибка загрузки

[1913/2007] https://www.eplan.help/ru-ru/Infoportal/Content/Plattform/20
  ❌ Ошибка загрузки

[1914/2007] https://www.eplan.help/ru-ru/Infoportal/Content/Plattform/20
  ❌ Ошибка загрузки

[1915/2007] https://www.eplan.help/ru-ru/Infoportal/Content/Plattform/20
  ❌ Ошибка загрузки

[1916/2007] https://www.eplan.help/ru-ru/Infoportal/Content/Plattform/20
  ❌ Ошибка загрузки

[1917/2007] https://www.eplan.help/ru-ru/Infoportal/Content/Plattform/20
  ❌ Ошибка загрузки

[1918/2007] https://www.eplan.help/ru-ru/Infoportal/Content/Plattform/20
  ❌ Ошибка загрузки

[1919/2007] https://www.eplan.help/ru-ru/Infoportal/Content/Plattform/20
  ❌ Ошибка загрузки

[1920/2007] https://www.eplan.help/ru-ru/Infoportal/Content/Plattform/20
  ❌ Ошибка загрузки

[1921/2007] https://www.eplan.help/ru-ru/Infoportal/Content/Plattform/20
  ❌ Ошибка загрузки

[1922/2007] https://www.eplan.help/ru-ru/Infoportal/Content/Plattform/20
  ❌ Ошибка загрузки

[1923/2007] https://www.eplan.help/ru-ru/Infoportal/Content/Plattform/20
  ❌ Ошибка загрузки

[1924/2007] https://www.eplan.help/ru-ru/Infoportal/Content/Plattform/20
  ❌ Ошибка загрузки

[1925/2007] https://www.eplan.help/ru-ru/Infoportal/Content/Plattform/20
  ❌ Ошибка загрузки

[1926/2007] https://www.eplan.help/ru-ru/Infoportal/Content/Plattform/20
  ❌ Ошибка загрузки

[1927/2007] https://www.eplan.help/ru-ru/Infoportal/Content/Plattform/20
  ❌ Ошибка загрузки

[1928/2007] https://www.eplan.help/ru-ru/Infoportal/Content/Plattform/20
  ❌ Ошибка загрузки

[1929/2007] https://www.eplan.help/ru-ru/Infoportal/Content/Plattform/20
  ❌ Ошибка загрузки

[1930/2007] https://www.eplan.help/ru-ru/Infoportal/Content/Plattform/20
  ❌ Ошибка загрузки

[1931/2007] https://www.eplan.help/ru-ru/Infoportal/Content/Plattform/20
  ❌ Ошибка загрузки

[1932/2007] https://www.eplan.help/ru-ru/Infoportal/Content/Plattform/20
  ❌ Ошибка загрузки

[1933/2007] https://www.eplan.help/ru-ru/Infoportal/Content/Plattform/20
  ❌ Ошибка загрузки

[1934/2007] https://www.eplan.help/ru-ru/Infoportal/Content/Plattform/20
  ❌ Ошибка загрузки

[1935/2007] https://www.eplan.help/ru-ru/Infoportal/Content/Plattform/20
  ❌ Ошибка загрузки

[1936/2007] https://www.eplan.help/ru-ru/Infoportal/Content/Plattform/20
  ❌ Ошибка загрузки

[1937/2007] https://www.eplan.help/ru-ru/Infoportal/Content/Plattform/20
  ❌ Ошибка загрузки

[1938/2007] https://www.eplan.help/ru-ru/Infoportal/Content/Plattform/20
  ❌ Ошибка загрузки

[1939/2007] https://www.eplan.help/ru-ru/Infoportal/Content/Plattform/20
  ❌ Ошибка загрузки

[1940/2007] https://www.eplan.help/ru-ru/Infoportal/Content/Plattform/20
  ❌ Ошибка загрузки

[1941/2007] https://www.eplan.help/ru-ru/Infoportal/Content/Plattform/20
  ❌ Ошибка загрузки

[1942/2007] https://www.eplan.help/ru-ru/Infoportal/Content/Plattform/20
  ❌ Ошибка загрузки

[1943/2007] https://www.eplan.help/ru-ru/Infoportal/Content/Plattform/20
  ❌ Ошибка загрузки

[1944/2007] https://www.eplan.help/ru-ru/Infoportal/Content/Plattform/20
  ❌ Ошибка загрузки

[1945/2007] https://www.eplan.help/ru-ru/Infoportal/Content/Plattform/20
  ❌ Ошибка загрузки

[1946/2007] https://www.eplan.help/ru-ru/Infoportal/Content/Plattform/20
  ❌ Ошибка загрузки

[1947/2007] https://www.eplan.help/ru-ru/Infoportal/Content/Plattform/20
  ❌ Ошибка загрузки

[1948/2007] https://www.eplan.help/ru-ru/Infoportal/Content/Plattform/20
  ❌ Ошибка загрузки

[1949/2007] https://www.eplan.help/ru-ru/Infoportal/Content/Plattform/20
  ❌ Ошибка загрузки

[1950/2007] https://www.eplan.help/ru-ru/Infoportal/Content/Plattform/20
  ❌ Ошибка загрузки

[1951/2007] https://www.eplan.help/ru-ru/Infoportal/Content/Plattform/20
  ❌ Ошибка загрузки

[1952/2007] https://www.eplan.help/ru-ru/Infoportal/Content/Plattform/20
  ❌ Ошибка загрузки

[1953/2007] https://www.eplan.help/ru-ru/Infoportal/Content/Plattform/20
  ❌ Ошибка загрузки

[1954/2007] https://www.eplan.help/ru-ru/Infoportal/Content/Plattform/20
  ❌ Ошибка загрузки

[1955/2007] https://www.eplan.help/ru-ru/Infoportal/Content/Plattform/20
  ❌ Ошибка загрузки

[1956/2007] https://www.eplan.help/ru-ru/Infoportal/Content/Plattform/20
  ❌ Ошибка загрузки

[1957/2007] https://www.eplan.help/ru-ru/Infoportal/Content/Plattform/20
  ❌ Ошибка загрузки

[1958/2007] https://www.eplan.help/ru-ru/Infoportal/Content/Plattform/20
  ❌ Ошибка загрузки

[1959/2007] https://www.eplan.help/ru-ru/Infoportal/Content/Plattform/20
  ❌ Ошибка загрузки

[1960/2007] https://www.eplan.help/ru-ru/Infoportal/Content/Plattform/20
  ❌ Ошибка загрузки

[1961/2007] https://www.eplan.help/ru-ru/Infoportal/Content/Plattform/20
  ❌ Ошибка загрузки

[1962/2007] https://www.eplan.help/ru-ru/Infoportal/Content/Plattform/20
  ❌ Ошибка загрузки

[1963/2007] https://www.eplan.help/ru-ru/Infoportal/Content/Plattform/20
  ❌ Ошибка загрузки

[1964/2007] https://www.eplan.help/ru-ru/Infoportal/Content/Plattform/20
  ❌ Ошибка загрузки

[1965/2007] https://www.eplan.help/ru-ru/Infoportal/Content/Plattform/20
  ❌ Ошибка загрузки

[1966/2007] https://www.eplan.help/ru-ru/Infoportal/Content/Plattform/20
  ❌ Ошибка загрузки

[1967/2007] https://www.eplan.help/ru-ru/Infoportal/Content/Plattform/20
  ❌ Ошибка загрузки

[1968/2007] https://www.eplan.help/ru-ru/Infoportal/Content/Plattform/20
  ❌ Ошибка загрузки

[1969/2007] https://www.eplan.help/ru-ru/Infoportal/Content/Plattform/20
  ❌ Ошибка загрузки

[1970/2007] https://www.eplan.help/ru-ru/Infoportal/Content/Plattform/20
  ❌ Ошибка загрузки

[1971/2007] https://www.eplan.help/ru-ru/Infoportal/Content/Plattform/20
  ❌ Ошибка загрузки

[1972/2007] https://www.eplan.help/ru-ru/Infoportal/Content/Plattform/20
  ❌ Ошибка загрузки

[1973/2007] https://www.eplan.help/ru-ru/Infoportal/Content/Plattform/20
  ❌ Ошибка загрузки

[1974/2007] https://www.eplan.help/ru-ru/Infoportal/Content/Plattform/20
  ❌ Ошибка загрузки

[1975/2007] https://www.eplan.help/ru-ru/Infoportal/Content/Plattform/20
  ❌ Ошибка загрузки

[1976/2007] https://www.eplan.help/ru-ru/Infoportal/Content/Plattform/20
  ❌ Ошибка загрузки

[1977/2007] https://www.eplan.help/ru-ru/Infoportal/Content/Plattform/20
  ❌ Ошибка загрузки

[1978/2007] https://www.eplan.help/ru-ru/Infoportal/Content/Plattform/20
  ❌ Ошибка загрузки

[1979/2007] https://www.eplan.help/ru-ru/Infoportal/Content/Plattform/20
  ❌ Ошибка загрузки

[1980/2007] https://www.eplan.help/ru-ru/Infoportal/Content/Plattform/20
  ❌ Ошибка загрузки

[1981/2007] https://www.eplan.help/ru-ru/Infoportal/Content/Plattform/20
  ❌ Ошибка загрузки

[1982/2007] https://www.eplan.help/ru-ru/Infoportal/Content/Plattform/20
  ❌ Ошибка загрузки

[1983/2007] https://www.eplan.help/ru-ru/Infoportal/Content/Plattform/20
  ❌ Ошибка загрузки

[1984/2007] https://www.eplan.help/ru-ru/Infoportal/Content/Plattform/20
  ❌ Ошибка загрузки

[1985/2007] https://www.eplan.help/ru-ru/Infoportal/Content/Plattform/20
  ❌ Ошибка загрузки

[1986/2007] https://www.eplan.help/ru-ru/Infoportal/Content/Plattform/20
  ❌ Ошибка загрузки

[1987/2007] https://www.eplan.help/ru-ru/Infoportal/Content/Plattform/20
  ❌ Ошибка загрузки

[1988/2007] https://www.eplan.help/ru-ru/Infoportal/Content/Plattform/20
  ❌ Ошибка загрузки

[1989/2007] https://www.eplan.help/ru-ru/Infoportal/Content/Plattform/20
  ❌ Ошибка загрузки

[1990/2007] https://www.eplan.help/ru-ru/Infoportal/Content/Plattform/20
  ❌ Ошибка загрузки

[1991/2007] https://www.eplan.help/ru-ru/Infoportal/Content/Plattform/20
  ❌ Ошибка загрузки

[1992/2007] https://www.eplan.help/ru-ru/Infoportal/Content/Plattform/20
  ❌ Ошибка загрузки

[1993/2007] https://www.eplan.help/ru-ru/Infoportal/Content/Plattform/20
  ❌ Ошибка загрузки

[1994/2007] https://www.eplan.help/ru-ru/Infoportal/Content/Plattform/20
  ❌ Ошибка загрузки

[1995/2007] https://www.eplan.help/ru-ru/Infoportal/Content/Plattform/20
  ❌ Ошибка загрузки

[1996/2007] https://www.eplan.help/ru-ru/Infoportal/Content/Plattform/20
  ❌ Ошибка загрузки

[1997/2007] https://www.eplan.help/ru-ru/Infoportal/Content/Plattform/20
  ❌ Ошибка загрузки

[1998/2007] https://www.eplan.help/ru-ru/Infoportal/Content/Plattform/20
  ❌ Ошибка загрузки

[1999/2007] https://www.eplan.help/ru-ru/Infoportal/Content/Plattform/20
  ❌ Ошибка загрузки

[2000/2007] https://www.eplan.help/ru-ru/Infoportal/Content/Plattform/20
  ❌ Ошибка загрузки

[2001/2007] https://www.eplan.help/ru-ru/Infoportal/Content/Plattform/20
  ❌ Ошибка загрузки

[2002/2007] https://www.eplan.help/ru-ru/Infoportal/Content/Plattform/20
  ❌ Ошибка загрузки

[2003/2007] https://www.eplan.help/ru-ru/Infoportal/Content/Plattform/20
  ❌ Ошибка загрузки

[2004/2007] https://www.eplan.help/ru-ru/Infoportal/Content/Plattform/20
  ❌ Ошибка загрузки

[2005/2007] https://www.eplan.help/ru-ru/Infoportal/Content/Plattform/20
  ❌ Ошибка загрузки

[2006/2007] https://www.eplan.help/ru-ru/Infoportal/Content/Plattform/20
  ❌ Ошибка загрузки

[2007/2007] https://www.eplan.help/ru-ru/Infoportal/Content/Plattform/20
  ❌ Ошибка загрузки

============================================================
✓ Готово! Загружено 0, ошибок: 2007
============================================================
