
[31m │  ⚠  Warning from the Material for MkDocs team[0m
[31m │[0m
[31m │[0m  MkDocs 2.0, the underlying framework of Material for MkDocs,
[31m │[0m  will introduce backward-incompatible changes, including:
[31m │[0m
[31m │  × [0mAll plugins will stop working – the plugin system has been removed
[31m │  × [0mAll theme overrides will break – the theming system has been rewritten
[31m │  × [0mNo migration path exists – existing projects cannot be upgraded
[31m │  × [0mClosed contribution model – community members can't report bugs
[31m │  × [0mCurrently unlicensed – unsuitable for production use
[31m │[0m
[31m │[0m  Our full analysis:
[31m │[0m
[31m │[0m  [4mhttps://squidfunk.github.io/mkdocs-material/blog/2026/02/18/mkdocs-2.0/[0m
[0m
INFO    -  Building documentation...
WARNING -  git-committers plugin DISABLED: no git token provided
INFO    -  Cleaning site directory
INFO    -  The following pages exist in the docs directory, but are not included in the "nav" configuration:
  - index.md
  - includes/abbreviations.md
WARNING -  Doc file 'eplan/articlesgui_d_artverw.md' contains a link '../../../../EDP_Cloud/Content/htm/DataPortalCS_k_home.htm', but the target '../../../EDP_Cloud/Content/htm/DataPortalCS_k_home.htm' is not found among documentation files.
WARNING -  Doc file 'eplan/availableactions_o_eplanaktionen.md' contains a link 'availableactions_o_export3d.htm', but the target 'eplan/availableactions_o_export3d.htm' is not found among documentation files.
WARNING -  Doc file 'eplan/availableactions_o_eplanaktionen.md' contains a link 'availableactions_o_import3d.htm', but the target 'eplan/availableactions_o_import3d.htm' is not found among documentation files.
WARNING -  Doc file 'eplan/availableactions_o_eplanaktionen.md' contains a link 'availableactions_o_xamlexportproductiondata2rascenteraction.htm', but the target 'eplan/availableactions_o_xamlexportproductiondata2rascenteraction.htm' is not found among documentation files.
WARNING -  Doc file 'eplan/availableactions_o_xgedstartinteractionaction.md' contains a link 'license_k_start.md', but the target 'eplan/license_k_start.md' is not found among documentation files.
WARNING -  Doc file 'eplan/blockproperties_k_start.md' contains a link 'blockproperties_k_berechnung.md', but the target 'eplan/blockproperties_k_berechnung.md' is not found among documentation files.
WARNING -  Doc file 'eplan/cabinetgui_d_bauraumeigenschaften.md' contains a link 'devicetaggui_r_gruppenfeldeigenschaften.md', but the target 'eplan/devicetaggui_r_gruppenfeldeigenschaften.md' is not found among documentation files.
WARNING -  Doc file 'eplan/cabinetgui_d_navigator.md' contains a link 'cabinetgui_d_navigator3dschaltschrankaufbau.htm', but the target 'eplan/cabinetgui_d_navigator3dschaltschrankaufbau.htm' is not found among documentation files.
WARNING -  Doc file 'eplan/cabinetgui_h_3dgrafikimportieren.md' contains a link 'cabinetgui_k_exportimport3Dgrafikdaten.htm', but the target 'eplan/cabinetgui_k_exportimport3Dgrafikdaten.htm' is not found among documentation files.
WARNING -  Doc file 'eplan/cabinetgui_h_3dgrafikimportieren.md' contains a link 'xstepgui_d_einstellungen3dimport.htm', but the target 'eplan/xstepgui_d_einstellungen3dimport.htm' is not found among documentation files.
WARNING -  Doc file 'eplan/cabinetgui_h_3dmakrodrehwinkelaendern.md' contains a link 'cabinetgui_h_3dmakroplatzieren.htm', but the target 'eplan/cabinetgui_h_3dmakroplatzieren.htm' is not found among documentation files.
WARNING -  Doc file 'eplan/cabinetgui_h_3dmakroerstellen.md' contains a link 'cabinetgui_k_3dmakros.htm', but the target 'eplan/cabinetgui_k_3dmakros.htm' is not found among documentation files.
WARNING -  Doc file 'eplan/cabinetgui_h_3dmakroerstellen.md' contains a link 'cabinetgui_h_3dmakroplatzieren.htm', but the target 'eplan/cabinetgui_h_3dmakroplatzieren.htm' is not found among documentation files.
WARNING -  Doc file 'eplan/cabinetgui_h_3dmakroerstellen.md' contains a link 'macrosgui_d_speichernunter3d.htm', but the target 'eplan/macrosgui_d_speichernunter3d.htm' is not found among documentation files.
WARNING -  Doc file 'eplan/cabinetgui_h_3dmakroerstellen.md' contains a link 'cabinetgui_h_3dgrafikimportieren.htm', but the target 'eplan/cabinetgui_h_3dgrafikimportieren.htm' is not found among documentation files.
WARNING -  Doc file 'eplan/cabinetgui_h_3dmakroplatzieren.md' contains a link 'cabinetgui_k_3dmakros.htm', but the target 'eplan/cabinetgui_k_3dmakros.htm' is not found among documentation files.
WARNING -  Doc file 'eplan/cabinetgui_h_3dmakroplatzieren.md' contains a link 'cabinetgui_h_3dmakroerstellen.htm', but the target 'eplan/cabinetgui_h_3dmakroerstellen.htm' is not found among documentation files.
WARNING -  Doc file 'eplan/cabinetgui_h_3dmakroplatzieren.md' contains a link 'cabinetgui_h_3dmakrodrehwinkelaendern.htm', but the target 'eplan/cabinetgui_h_3dmakrodrehwinkelaendern.htm' is not found among documentation files.
WARNING -  Doc file 'eplan/cabinetgui_h_anfasspunktdefinieren.md' contains a link 'ged3dmateeditorgui_r_anfasspunkt_logik.htm', but the target 'eplan/ged3dmateeditorgui_r_anfasspunkt_logik.htm' is not found among documentation files.
WARNING -  Doc file 'eplan/cabinetgui_h_artikelabmessungenaktualisieren.md' contains a link 'messages_p_026100.htm', but the target 'eplan/messages_p_026100.htm' is not found among documentation files.
WARNING -  Doc file 'eplan/cabinetgui_h_artikeltauschen.md' contains a link 'messages_p_026103.htm', but the target 'eplan/messages_p_026103.htm' is not found among documentation files.
WARNING -  Doc file 'eplan/cabinetgui_h_bauraumansichten.md' contains a link 'gededit3dgui_k_start.htm#IsometrischeAnsichten', but the target 'eplan/gededit3dgui_k_start.htm' is not found among documentation files.
WARNING -  Doc file 'eplan/cabinetgui_h_bauraumansichten.md' contains a link 'gedviewer_d_einstellungenbenutzerallgemein3d.htm#VereinfachteDarstellung', but the target 'eplan/gedviewer_d_einstellungenbenutzerallgemein3d.htm' is not found among documentation files.
WARNING -  Doc file 'eplan/cabinetgui_h_einbauflaeche.md' contains a link 'cabinetgui_h_3dmakroerstellen.htm', but the target 'eplan/cabinetgui_h_3dmakroerstellen.htm' is not found among documentation files.
WARNING -  Doc file 'eplan/cabinetgui_h_exportierenstep.md' contains a link 'cabinetgui_k_exportimport3Dgrafikdaten.htm', but the target 'eplan/cabinetgui_k_exportimport3Dgrafikdaten.htm' is not found among documentation files.
WARNING -  Doc file 'eplan/cabinetgui_h_exportierenstep.md' contains a link 'gededit3dgui_d_stepexport.htm', but the target 'eplan/gededit3dgui_d_stepexport.htm' is not found among documentation files.
WARNING -  Doc file 'eplan/cabinetgui_h_exportierenstep.md' contains a link 'gededit3dgui_d_einstellungenstepexport.htm', but the target 'eplan/gededit3dgui_d_einstellungenstepexport.htm' is not found among documentation files.
WARNING -  Doc file 'eplan/cabinetgui_h_kollisionskontrolle.md' contains a link 'gedviewer_d_einstellungenbenutzerallgemein3d.htm', but the target 'eplan/gedviewer_d_einstellungenbenutzerallgemein3d.htm' is not found among documentation files.
WARNING -  Doc file 'eplan/cabinetgui_h_kollisionskontrolle.md' contains a link 'messages_p_026011.htm', but the target 'eplan/messages_p_026011.htm' is not found among documentation files.
WARNING -  Doc file 'eplan/cabinetgui_h_montagerasterdefinieren.md' contains a link 'ged3dmateeditorgui_d_montageraster.htm', but the target 'eplan/ged3dmateeditorgui_d_montageraster.htm' is not found among documentation files.
WARNING -  Doc file 'eplan/cabinetgui_h_navigationswuerfeleinstellen.md' contains a link 'gedviewer_d_einstellungennavigationswuerfel3d.htm', but the target 'eplan/gedviewer_d_einstellungennavigationswuerfel3d.htm' is not found among documentation files.
WARNING -  Doc file 'eplan/cabinetgui_h_raster.md' contains a link 'gedviewer_d_einstellungenbenutzerallgemein3d.htm', but the target 'eplan/gedviewer_d_einstellungenbenutzerallgemein3d.htm' is not found among documentation files.
WARNING -  Doc file 'eplan/cabinetgui_h_schrankinterpretation.md' contains a link 'cabinetgui_h_3dmakroerstellen.htm', but the target 'eplan/cabinetgui_h_3dmakroerstellen.htm' is not found among documentation files.
WARNING -  Doc file 'eplan/cabinetgui_h_uebergeordnetenanfasspunktdefinieren.md' contains a link 'ged3dmateeditorgui_r_anfasspunkt_logik.htm', but the target 'eplan/ged3dmateeditorgui_r_anfasspunkt_logik.htm' is not found among documentation files.
WARNING -  Doc file 'eplan/cabinetgui_h_verbindungsvorschau.md' contains a link 'cabinetgui_d_navigator3dschaltschrankaufbau.htm', but the target 'eplan/cabinetgui_d_navigator3dschaltschrankaufbau.htm' is not found among documentation files.
WARNING -  Doc file 'eplan/cabinetgui_h_vereinigen.md' contains a link 'cabinetgui_k_3dmakros.htm', but the target 'eplan/cabinetgui_k_3dmakros.htm' is not found among documentation files.
WARNING -  Doc file 'eplan/cabinetgui_h_verlustleistungsverteilung.md' contains a link 'messages_p_026099.htm', but the target 'eplan/messages_p_026099.htm' is not found among documentation files.
WARNING -  Doc file 'eplan/cabinetgui_k_3dmakros.md' contains a link 'cabinetgui_h_3dmakroerstellen.htm', but the target 'eplan/cabinetgui_h_3dmakroerstellen.htm' is not found among documentation files.
WARNING -  Doc file 'eplan/cabinetgui_k_3dmakros.md' contains a link 'cabinetgui_h_3dmakroplatzieren.htm', but the target 'eplan/cabinetgui_h_3dmakroplatzieren.htm' is not found among documentation files.
WARNING -  Doc file 'eplan/cabinetgui_k_exportimport3Dgrafikdaten.md' contains a link 'gededit3dgui_d_einstellungenstepexport.htm', but the target 'eplan/gededit3dgui_d_einstellungenstepexport.htm' is not found among documentation files.
WARNING -  Doc file 'eplan/cabinetgui_k_exportimport3Dgrafikdaten.md' contains a link 'xstepgui_d_einstellungen3dimport.htm', but the target 'eplan/xstepgui_d_einstellungen3dimport.htm' is not found among documentation files.
WARNING -  Doc file 'eplan/cabinetgui_k_exportimport3Dgrafikdaten.md' contains a link 'cabinetgui_h_3dgrafikimportieren.htm', but the target 'eplan/cabinetgui_h_3dgrafikimportieren.htm' is not found among documentation files.
WARNING -  Doc file 'eplan/cabinetgui_k_exportimport3Dgrafikdaten.md' contains a link 'gededit3dgui_d_stepexport.htm', but the target 'eplan/gededit3dgui_d_stepexport.htm' is not found among documentation files.
WARNING -  Doc file 'eplan/cabinetgui_k_exportimport3Dgrafikdaten.md' contains a link 'gededit3dgui_d_einstellungenstepexport.htm', but the target 'eplan/gededit3dgui_d_einstellungenstepexport.htm' is not found among documentation files.
WARNING -  Doc file 'eplan/cabinetgui_k_navigationswuerfel.md' contains a link 'cabinetgui_h_navigationswuerfelsteuern.md', but the target 'eplan/cabinetgui_h_navigationswuerfelsteuern.md' is not found among documentation files.
WARNING -  Doc file 'eplan/cabinetgui_k_navigationswuerfel.md' contains a link 'gedviewer_d_einstellungennavigationswuerfel3d.htm', but the target 'eplan/gedviewer_d_einstellungennavigationswuerfel3d.htm' is not found among documentation files.
WARNING -  Doc file 'eplan/cabinetgui_k_start.md' contains a link 'gededit3dgui_k_start.htm', but the target 'eplan/gededit3dgui_k_start.htm' is not found among documentation files.
WARNING -  Doc file 'eplan/cablegui_d_automatischekabelauswahl.md' contains a link 'cablegui_d_einstellungenautomatischekabelauswahl.md', but the target 'eplan/cablegui_d_einstellungenautomatischekabelauswahl.md' is not found among documentation files.
WARNING -  Doc file 'eplan/cablegui_d_einstellungenkabelnummerierung.md' contains a link 'cablegui_r_einstkabelnumformat.md', but the target 'eplan/cablegui_r_einstkabelnumformat.md' is not found among documentation files.
WARNING -  Doc file 'eplan/cablegui_d_einstellungenkabelnummerierung.md' contains a link 'cablegui_r_einstkabelnumreihenfolge.md', but the target 'eplan/cablegui_r_einstkabelnumreihenfolge.md' is not found among documentation files.
WARNING -  Doc file 'eplan/cablegui_d_kabelerzeugen.md' contains a link 'cablegui_d_einstellungenautomatischekabelauswahl.md', but the target 'eplan/cablegui_d_einstellungenautomatischekabelauswahl.md' is not found among documentation files.
WARNING -  Doc file 'eplan/cablegui_h_adernzuordnen.md' contains a link 'cablegui_d_kabelbearbeiten.md', but the target 'eplan/cablegui_d_kabelbearbeiten.md' is not found among documentation files.
WARNING -  Doc file 'eplan/cablegui_h_kabelauswahlautomatisch.md' contains a link 'cablegui_d_einstellungenautomatischekabelauswahl.md', but the target 'eplan/cablegui_d_einstellungenautomatischekabelauswahl.md' is not found among documentation files.
WARNING -  Doc file 'eplan/cablegui_k_vorkonfektioniertekabel.md' contains a link 'devicetaggui_r_kabeldaten.md#AngeschlosseneGeraeteVerwenden', but the target 'eplan/devicetaggui_r_kabeldaten.md' is not found among documentation files.
INFO    -  Doc file 'eplan/cablinggui_k_teilstrecke.md' contains an unrecognized relative link 'командный путь: вкладкаВставить> группа командТопология>Сегмент маршрутизации', it was left as is.
WARNING -  Doc file 'eplan/cablinggui_k_verlegeverbindungen.md' contains a link 'messages_p_007023.htm', but the target 'eplan/messages_p_007023.htm' is not found among documentation files.
WARNING -  Doc file 'eplan/contoureditorgui_d_kontureigenschaften.md' contains a link 'devicetaggui_r_gruppenfeldeigenschaften.md', but the target 'eplan/devicetaggui_r_gruppenfeldeigenschaften.md' is not found among documentation files.
WARNING -  Doc file 'eplan/copper_h_kupferabwicklungerstellen.md' contains a link 'gededit3dgui_r_ansichtabwicklung.htm', but the target 'eplan/gededit3dgui_r_ansichtabwicklung.htm' is not found among documentation files.
WARNING -  Doc file 'eplan/copper_k_abwicklung.md' contains a link 'gededit3dgui_r_ansichtabwicklung.htm', but the target 'eplan/gededit3dgui_r_ansichtabwicklung.htm' is not found among documentation files.
WARNING -  Doc file 'eplan/devicetaggui_r_abbruchstelle.md' contains a link 'devicetaggui_r_gruppenfeldeigenschaften.md', but the target 'eplan/devicetaggui_r_gruppenfeldeigenschaften.md' is not found among documentation files.
WARNING -  Doc file 'eplan/devicetaggui_r_abmessung3d.md' contains a link 'devicetaggui_r_format3d.htm', but the target 'eplan/devicetaggui_r_format3d.htm' is not found among documentation files.
WARNING -  Doc file 'eplan/devicetaggui_r_anzeigeeigenschaften.md' contains a link 'gededit3dgui_r_anzeige.htm', but the target 'eplan/gededit3dgui_r_anzeige.htm' is not found among documentation files.
WARNING -  Doc file 'eplan/devicetaggui_r_anzeigeeigenschaften.md' contains a link 'eservicesgui_d_eigenschaftsanordnung.md', but the target 'eplan/eservicesgui_d_eigenschaftsanordnung.md' is not found among documentation files.
WARNING -  Doc file 'eplan/devicetaggui_r_artikelplatzierung.md' contains a link 'devicetaggui_r_feldsichtbaresbmk.md', but the target 'eplan/devicetaggui_r_feldsichtbaresbmk.md' is not found among documentation files.
WARNING -  Doc file 'eplan/devicetaggui_r_artikelplatzierung.md' contains a link 'devicetaggui_r_gruppenfeldeigenschaften.md', but the target 'eplan/devicetaggui_r_gruppenfeldeigenschaften.md' is not found among documentation files.
WARNING -  Doc file 'eplan/devicetaggui_r_artikelplatzierung3d.md' contains a link 'devicetaggui_r_feldsichtbaresbmk.md', but the target 'eplan/devicetaggui_r_feldsichtbaresbmk.md' is not found among documentation files.
WARNING -  Doc file 'eplan/devicetaggui_r_artikelplatzierung3d.md' contains a link 'devicetaggui_r_gruppenfeldeigenschaften.md', but the target 'eplan/devicetaggui_r_gruppenfeldeigenschaften.md' is not found among documentation files.
WARNING -  Doc file 'eplan/devicetaggui_r_blackboxdaten.md' contains a link 'devicetaggui_r_feldsichtbaresbmk.md', but the target 'eplan/devicetaggui_r_feldsichtbaresbmk.md' is not found among documentation files.
WARNING -  Doc file 'eplan/devicetaggui_r_blackboxdaten.md' contains a link 'devicetaggui_r_gruppenfeldeigenschaften.md', but the target 'eplan/devicetaggui_r_gruppenfeldeigenschaften.md' is not found among documentation files.
WARNING -  Doc file 'eplan/devicetaggui_r_bmdaten.md' contains a link 'devicetaggui_r_feldsichtbaresbmk.md', but the target 'eplan/devicetaggui_r_feldsichtbaresbmk.md' is not found among documentation files.
WARNING -  Doc file 'eplan/devicetaggui_r_bmdaten.md' contains a link 'devicetaggui_r_gruppenfeldeigenschaften.md', but the target 'eplan/devicetaggui_r_gruppenfeldeigenschaften.md' is not found among documentation files.
WARNING -  Doc file 'eplan/devicetaggui_r_busdaten.md' contains a link 'devicetaggui_r_gruppenfeldeigenschaften.md', but the target 'eplan/devicetaggui_r_gruppenfeldeigenschaften.md' is not found among documentation files.
WARNING -  Doc file 'eplan/devicetaggui_r_busdaten.md' contains a link 'messages_p_004037.htm', but the target 'eplan/messages_p_004037.htm' is not found among documentation files.
WARNING -  Doc file 'eplan/devicetaggui_r_cablingstrecke.md' contains a link 'devicetaggui_r_feldsichtbaresbmk.md', but the target 'eplan/devicetaggui_r_feldsichtbaresbmk.md' is not found among documentation files.
WARNING -  Doc file 'eplan/devicetaggui_r_cablingstrecke.md' contains a link 'devicetaggui_r_gruppenfeldeigenschaften.md', but the target 'eplan/devicetaggui_r_gruppenfeldeigenschaften.md' is not found among documentation files.
WARNING -  Doc file 'eplan/devicetaggui_r_format.md' contains a link 'gededitgui_r_linie.md', but the target 'eplan/gededitgui_r_linie.md' is not found among documentation files.
WARNING -  Doc file 'eplan/devicetaggui_r_format.md' contains a link 'gededitgui_r_polylinie.md', but the target 'eplan/gededitgui_r_polylinie.md' is not found among documentation files.
WARNING -  Doc file 'eplan/devicetaggui_r_format.md' contains a link 'gededitgui_r_rechteck.md', but the target 'eplan/gededitgui_r_rechteck.md' is not found among documentation files.
WARNING -  Doc file 'eplan/devicetaggui_r_format.md' contains a link 'gededitgui_r_rechteck.md', but the target 'eplan/gededitgui_r_rechteck.md' is not found among documentation files.
WARNING -  Doc file 'eplan/devicetaggui_r_format3d.md' contains a link 'gedviewer_d_einstellungenbenutzerallgemein3d.htm', but the target 'eplan/gedviewer_d_einstellungenbenutzerallgemein3d.htm' is not found among documentation files.
WARNING -  Doc file 'eplan/devicetaggui_r_kabelbaum.md' contains a link 'devicetaggui_r_feldsichtbaresbmk.md', but the target 'eplan/devicetaggui_r_feldsichtbaresbmk.md' is not found among documentation files.
WARNING -  Doc file 'eplan/devicetaggui_r_kabelbaum.md' contains a link 'devicetaggui_r_gruppenfeldeigenschaften.md', but the target 'eplan/devicetaggui_r_gruppenfeldeigenschaften.md' is not found among documentation files.
WARNING -  Doc file 'eplan/devicetaggui_r_kabeleinheit.md' contains a link 'devicetaggui_r_feldsichtbaresbmk.md', but the target 'eplan/devicetaggui_r_feldsichtbaresbmk.md' is not found among documentation files.
WARNING -  Doc file 'eplan/devicetaggui_r_kabeleinheit.md' contains a link 'devicetaggui_r_gruppenfeldeigenschaften.md', but the target 'eplan/devicetaggui_r_gruppenfeldeigenschaften.md' is not found among documentation files.
WARNING -  Doc file 'eplan/devicetaggui_r_klemmen.md' contains a link 'devicetaggui_r_feldsichtbaresbmk.md', but the target 'eplan/devicetaggui_r_feldsichtbaresbmk.md' is not found among documentation files.
WARNING -  Doc file 'eplan/devicetaggui_r_klemmen.md' contains a link 'devicetaggui_r_gruppenfeldeigenschaften.md', but the target 'eplan/devicetaggui_r_gruppenfeldeigenschaften.md' is not found among documentation files.
WARNING -  Doc file 'eplan/devicetaggui_r_klemmenleisten.md' contains a link 'devicetaggui_r_feldsichtbaresbmk.md', but the target 'eplan/devicetaggui_r_feldsichtbaresbmk.md' is not found among documentation files.
WARNING -  Doc file 'eplan/devicetaggui_r_klemmenleisten.md' contains a link 'devicetaggui_r_gruppenfeldeigenschaften.md', but the target 'eplan/devicetaggui_r_gruppenfeldeigenschaften.md' is not found among documentation files.
WARNING -  Doc file 'eplan/devicetaggui_r_kupferstrang.md' contains a link 'devicetaggui_r_gruppenfeldeigenschaften.md', but the target 'eplan/devicetaggui_r_gruppenfeldeigenschaften.md' is not found among documentation files.
WARNING -  Doc file 'eplan/devicetaggui_r_locationbox.md' contains a link 'devicetaggui_r_gruppenfeldeigenschaften.md', but the target 'eplan/devicetaggui_r_gruppenfeldeigenschaften.md' is not found among documentation files.
WARNING -  Doc file 'eplan/devicetaggui_r_loeschzeichen.md' contains a link 'devicetaggui_r_gruppenfeldeigenschaften.md', but the target 'eplan/devicetaggui_r_gruppenfeldeigenschaften.md' is not found among documentation files.
WARNING -  Doc file 'eplan/devicetaggui_r_montageplatte.md' contains a link 'devicetaggui_r_feldsichtbaresbmk.md', but the target 'eplan/devicetaggui_r_feldsichtbaresbmk.md' is not found among documentation files.
WARNING -  Doc file 'eplan/devicetaggui_r_montageplatte.md' contains a link 'devicetaggui_r_gruppenfeldeigenschaften.md', but the target 'eplan/devicetaggui_r_gruppenfeldeigenschaften.md' is not found among documentation files.
WARNING -  Doc file 'eplan/devicetaggui_r_ndp.md' contains a link 'devicetaggui_r_gruppenfeldeigenschaften.md', but the target 'eplan/devicetaggui_r_gruppenfeldeigenschaften.md' is not found among documentation files.
WARNING -  Doc file 'eplan/devicetaggui_r_paket.md' contains a link 'devicetaggui_r_feldsichtbaresbmk.md', but the target 'eplan/devicetaggui_r_feldsichtbaresbmk.md' is not found among documentation files.
WARNING -  Doc file 'eplan/devicetaggui_r_paket.md' contains a link 'devicetaggui_r_gruppenfeldeigenschaften.md', but the target 'eplan/devicetaggui_r_gruppenfeldeigenschaften.md' is not found among documentation files.
WARNING -  Doc file 'eplan/devicetaggui_r_pdp.md' contains a link 'devicetaggui_r_gruppenfeldeigenschaften.md', but the target 'eplan/devicetaggui_r_gruppenfeldeigenschaften.md' is not found among documentation files.
WARNING -  Doc file 'eplan/devicetaggui_r_rohrleitungsdp.md' contains a link 'devicetaggui_r_gruppenfeldeigenschaften.md', but the target 'eplan/devicetaggui_r_gruppenfeldeigenschaften.md' is not found among documentation files.
WARNING -  Doc file 'eplan/devicetaggui_r_sammelschiene.md' contains a link 'devicetaggui_r_feldsichtbaresbmk.md', but the target 'eplan/devicetaggui_r_feldsichtbaresbmk.md' is not found among documentation files.
WARNING -  Doc file 'eplan/devicetaggui_r_sammelschiene.md' contains a link 'devicetaggui_r_gruppenfeldeigenschaften.md', but the target 'eplan/devicetaggui_r_gruppenfeldeigenschaften.md' is not found among documentation files.
WARNING -  Doc file 'eplan/devicetaggui_r_spsanschluss.md' contains a link 'devicetaggui_r_feldsichtbaresbmk.md', but the target 'eplan/devicetaggui_r_feldsichtbaresbmk.md' is not found among documentation files.
WARNING -  Doc file 'eplan/devicetaggui_r_spsanschluss.md' contains a link 'devicetaggui_r_gruppenfeldeigenschaften.md', but the target 'eplan/devicetaggui_r_gruppenfeldeigenschaften.md' is not found among documentation files.
WARNING -  Doc file 'eplan/devicetaggui_r_spskarte.md' contains a link 'devicetaggui_r_feldsichtbaresbmk.md', but the target 'eplan/devicetaggui_r_feldsichtbaresbmk.md' is not found among documentation files.
WARNING -  Doc file 'eplan/devicetaggui_r_spskarte.md' contains a link 'devicetaggui_r_gruppenfeldeigenschaften.md', but the target 'eplan/devicetaggui_r_gruppenfeldeigenschaften.md' is not found among documentation files.
WARNING -  Doc file 'eplan/devicetaggui_r_spsstruktur.md' contains a link 'devicetaggui_r_gruppenfeldeigenschaften.md', but the target 'eplan/devicetaggui_r_gruppenfeldeigenschaften.md' is not found among documentation files.
WARNING -  Doc file 'eplan/devicetaggui_r_steckerdefinition.md' contains a link 'devicetaggui_r_feldsichtbaresbmk.md', but the target 'eplan/devicetaggui_r_feldsichtbaresbmk.md' is not found among documentation files.
WARNING -  Doc file 'eplan/devicetaggui_r_steckerdefinition.md' contains a link 'devicetaggui_r_gruppenfeldeigenschaften.md', but the target 'eplan/devicetaggui_r_gruppenfeldeigenschaften.md' is not found among documentation files.
WARNING -  Doc file 'eplan/devicetaggui_r_steckerkontakt.md' contains a link 'devicetaggui_r_feldsichtbaresbmk.md', but the target 'eplan/devicetaggui_r_feldsichtbaresbmk.md' is not found among documentation files.
WARNING -  Doc file 'eplan/devicetaggui_r_steckerkontakt.md' contains a link 'devicetaggui_r_gruppenfeldeigenschaften.md', but the target 'eplan/devicetaggui_r_gruppenfeldeigenschaften.md' is not found among documentation files.
WARNING -  Doc file 'eplan/devicetaggui_r_vdp.md' contains a link 'devicetaggui_r_feldsichtbaresbmk.md', but the target 'eplan/devicetaggui_r_feldsichtbaresbmk.md' is not found among documentation files.
WARNING -  Doc file 'eplan/devicetaggui_r_vdp.md' contains a link 'devicetaggui_r_gruppenfeldeigenschaften.md', but the target 'eplan/devicetaggui_r_gruppenfeldeigenschaften.md' is not found among documentation files.
WARNING -  Doc file 'eplan/devicetaggui_r_verbindung.md' contains a link 'devicetaggui_r_feldsichtbaresbmk.md', but the target 'eplan/devicetaggui_r_feldsichtbaresbmk.md' is not found among documentation files.
WARNING -  Doc file 'eplan/devicetaggui_r_verbindung.md' contains a link 'devicetaggui_r_gruppenfeldeigenschaften.md', but the target 'eplan/devicetaggui_r_gruppenfeldeigenschaften.md' is not found among documentation files.
WARNING -  Doc file 'eplan/eservicesgui_d_format.md' contains a link 'eservicesgui_d_formatberechnung.md', but the target 'eplan/eservicesgui_d_formatberechnung.md' is not found among documentation files.
WARNING -  Doc file 'eplan/eservicesgui_d_format.md' contains a link 'eservicesgui_d_formatberechnung.md', but the target 'eplan/eservicesgui_d_formatberechnung.md' is not found among documentation files.
WARNING -  Doc file 'eplan/eservicesgui_d_format.md' contains a link 'eservicesgui_d_formatberechnung.md', but the target 'eplan/eservicesgui_d_formatberechnung.md' is not found among documentation files.
WARNING -  Doc file 'eplan/eservicesgui_d_format.md' contains a link 'eservicesgui_d_formatberechnung.md', but the target 'eplan/eservicesgui_d_formatberechnung.md' is not found among documentation files.
WARNING -  Doc file 'eplan/eservicesgui_d_formatblockeigenschaft.md' contains a link 'eservicesgui_d_ersetzungstexte.md', but the target 'eplan/eservicesgui_d_ersetzungstexte.md' is not found among documentation files.
WARNING -  Doc file 'eplan/eservicesgui_d_formateigenschaft.md' contains a link 'eservicesgui_d_formatberechnung.md', but the target 'eplan/eservicesgui_d_formatberechnung.md' is not found among documentation files.
WARNING -  Doc file 'eplan/eservicesgui_d_konfigeigenschaftsanordnungen.md' contains a link 'cablegui_r_allpoligeinpolig.md', but the target 'eplan/cablegui_r_allpoligeinpolig.md' is not found among documentation files.
WARNING -  Doc file 'eplan/formeditorgui_h_artikelsummenstueckliste.md' contains a link 'eservicesgui_d_formatberechnung.md', but the target 'eplan/eservicesgui_d_formatberechnung.md' is not found among documentation files.
WARNING -  Doc file 'eplan/ftechnic_h_bmk_auswaehlen.md' contains a link 'modaldialogsdb_d_bmkauswahl.md', but the target 'eplan/modaldialogsdb_d_bmkauswahl.md' is not found among documentation files.
WARNING -  Doc file 'eplan/ftechnic_k_bmknummerierung.md' contains a link 'modaldialogsdb_d_bmkauswahl.md', but the target 'eplan/modaldialogsdb_d_bmkauswahl.md' is not found among documentation files.
WARNING -  Doc file 'eplan/ftechnic_k_prueflaeufe.md' contains a link 'messages_o_024Fluidpower.htm', but the target 'eplan/messages_o_024Fluidpower.htm' is not found among documentation files.
WARNING -  Doc file 'eplan/ftechnic_k_prueflaeufe.md' contains a link 'messages_p_005086.htm', but the target 'eplan/messages_p_005086.htm' is not found among documentation files.
WARNING -  Doc file 'eplan/ftechnic_k_prueflaeufe.md' contains a link 'messages_p_005087.htm', but the target 'eplan/messages_p_005087.htm' is not found among documentation files.
WARNING -  Doc file 'eplan/gededit3dgui_d_ansichtennummerieren.md' contains a link 'gededit3dgui_d_modellansichten.htm', but the target 'eplan/gededit3dgui_d_modellansichten.htm' is not found among documentation files.
WARNING -  Doc file 'eplan/gededit3dgui_d_einstellautobemassung.md' contains a link 'gededit3dgui_r_bemassung.htm', but the target 'eplan/gededit3dgui_r_bemassung.htm' is not found among documentation files.
WARNING -  Doc file 'eplan/gededit3dgui_d_einstellautobemassung.md' contains a link 'gededit3dgui_r_bauteile.htm', but the target 'eplan/gededit3dgui_r_bauteile.htm' is not found among documentation files.
WARNING -  Doc file 'eplan/gededit3dgui_d_einstellautobemassung.md' contains a link 'gededit3dgui_k_autobemassung.htm', but the target 'eplan/gededit3dgui_k_autobemassung.htm' is not found among documentation files.
WARNING -  Doc file 'eplan/gededit3dgui_d_einstellungenstepexport.md' contains a link 'gededit3dgui_d_stepexport.htm', but the target 'eplan/gededit3dgui_d_stepexport.htm' is not found among documentation files.
WARNING -  Doc file 'eplan/gededit3dgui_d_stepexport.md' contains a link 'gededit3dgui_d_einstellungenstepexport.htm#Dateinamenerzeugen', but the target 'eplan/gededit3dgui_d_einstellungenstepexport.htm' is not found among documentation files.
WARNING -  Doc file 'eplan/gededit3dgui_d_stepexport.md' contains a link 'gededit3dgui_d_einstellungenstepexport.htm', but the target 'eplan/gededit3dgui_d_einstellungenstepexport.htm' is not found among documentation files.
WARNING -  Doc file 'eplan/gededit3dgui_h_autoansichterstellen.md' contains a link 'gededit3dgui_r_vorlagen.htm#Eigenschaft', but the target 'eplan/gededit3dgui_r_vorlagen.htm' is not found among documentation files.
WARNING -  Doc file 'eplan/gededit3dgui_h_autoansichterstellen.md' contains a link 'gededit3dgui_r_vorlagen.htm', but the target 'eplan/gededit3dgui_r_vorlagen.htm' is not found among documentation files.
WARNING -  Doc file 'eplan/gededit3dgui_h_bearbeiten.md' contains a link 'gededit3dgui_r_modell.htm', but the target 'eplan/gededit3dgui_r_modell.htm' is not found among documentation files.
WARNING -  Doc file 'eplan/gededit3dgui_h_bearbeiten.md' contains a link 'gededit3dgui_h_veraendern.htm', but the target 'eplan/gededit3dgui_h_veraendern.htm' is not found among documentation files.
WARNING -  Doc file 'eplan/gededit3dgui_h_eigenschaftstexteverschieben.md' contains a link 'gededit3dgui_h_bearbeiten.htm', but the target 'eplan/gededit3dgui_h_bearbeiten.htm' is not found among documentation files.
WARNING -  Doc file 'eplan/gededit3dgui_h_eigenschaftstexteverschieben.md' contains a link 'gededit3dgui_h_veraendern.htm', but the target 'eplan/gededit3dgui_h_veraendern.htm' is not found among documentation files.
WARNING -  Doc file 'eplan/gededit3dgui_h_eigenschaftstexteverschieben.md' contains a link 'gededit3dgui_r_modell.htm', but the target 'eplan/gededit3dgui_r_modell.htm' is not found among documentation files.
WARNING -  Doc file 'eplan/gededit3dgui_h_veraendern.md' contains a link 'gededit3dgui_r_modell.htm', but the target 'eplan/gededit3dgui_r_modell.htm' is not found among documentation files.
WARNING -  Doc file 'eplan/gededit3dgui_h_veraendern.md' contains a link 'gededit3dgui_h_eigenschaftstexteverschieben.htm', but the target 'eplan/gededit3dgui_h_eigenschaftstexteverschieben.htm' is not found among documentation files.
WARNING -  Doc file 'eplan/gededit3dgui_k_autoansichterstellen.md' contains a link 'gededit3dgui_h_autoansichterstellen.htm', but the target 'eplan/gededit3dgui_h_autoansichterstellen.htm' is not found among documentation files.
WARNING -  Doc file 'eplan/gededit3dgui_k_autoansichterstellen.md' contains a link 'gededit3dgui_r_vorlagen.htm', but the target 'eplan/gededit3dgui_r_vorlagen.htm' is not found among documentation files.
WARNING -  Doc file 'eplan/gededit3dgui_k_autobemassung.md' contains a link 'gededit3dgui_d_einstellautobemassung.htm', but the target 'eplan/gededit3dgui_d_einstellautobemassung.htm' is not found among documentation files.
WARNING -  Doc file 'eplan/gededit3dgui_k_autobemassung.md' contains a link 'gededit3dgui_r_modell.htm#Bauteilbeschriftung', but the target 'eplan/gededit3dgui_r_modell.htm' is not found among documentation files.
WARNING -  Doc file 'eplan/gededit3dgui_k_legende.md' contains a link 'gededit3dgui_h_bearbeiten.htm', but the target 'eplan/gededit3dgui_h_bearbeiten.htm' is not found among documentation files.
WARNING -  Doc file 'eplan/gededit3dgui_k_legende.md' contains a link 'gededit3dgui_r_modell.htm', but the target 'eplan/gededit3dgui_r_modell.htm' is not found among documentation files.
WARNING -  Doc file 'eplan/gededit3dgui_k_start.md' contains a link 'gededit3dgui_h_bearbeiten.htm', but the target 'eplan/gededit3dgui_h_bearbeiten.htm' is not found among documentation files.
WARNING -  Doc file 'eplan/gededit3dgui_k_start.md' contains a link 'gededit3dgui_r_modell.htm', but the target 'eplan/gededit3dgui_r_modell.htm' is not found among documentation files.
WARNING -  Doc file 'eplan/gededit3dgui_r_ansicht2dbohransicht.md' contains a link 'gededit3dgui_d_3dobjektauswahl.htm', but the target 'eplan/gededit3dgui_d_3dobjektauswahl.htm' is not found among documentation files.
WARNING -  Doc file 'eplan/gededit3dgui_r_ansicht2dbohransicht.md' contains a link 'devicetaggui_r_gruppenfeldeigenschaften.md', but the target 'eplan/devicetaggui_r_gruppenfeldeigenschaften.md' is not found among documentation files.
WARNING -  Doc file 'eplan/gededit3dgui_r_ansicht2dbohransicht.md' contains a link 'gededit3dgui_d_einstellbeschriftung.htm', but the target 'eplan/gededit3dgui_d_einstellbeschriftung.htm' is not found among documentation files.
WARNING -  Doc file 'eplan/gededit3dgui_r_ansicht2dbohransicht.md' contains a link 'gededit3dgui_d_einstellautobemassung.htm', but the target 'eplan/gededit3dgui_d_einstellautobemassung.htm' is not found among documentation files.
WARNING -  Doc file 'eplan/gededit3dgui_r_ansicht2dbohransicht.md' contains a link 'gededit3dgui_k_start.htm#SchraegeFlaechen', but the target 'eplan/gededit3dgui_k_start.htm' is not found among documentation files.
WARNING -  Doc file 'eplan/gededit3dgui_r_ansicht2dbohransicht.md' contains a link 'ncgui_k_2dbohransicht.htm', but the target 'eplan/ncgui_k_2dbohransicht.htm' is not found among documentation files.
WARNING -  Doc file 'eplan/gededit3dgui_r_ansicht2dbohransicht.md' contains a link 'ncgui_h_2dbohransichterstellen.htm', but the target 'eplan/ncgui_h_2dbohransichterstellen.htm' is not found among documentation files.
WARNING -  Doc file 'eplan/gededit3dgui_r_ansicht2dbohransicht.md' contains a link 'gededit3dgui_d_2dbohransichten.htm', but the target 'eplan/gededit3dgui_d_2dbohransichten.htm' is not found among documentation files.
WARNING -  Doc file 'eplan/gededit3dgui_r_ansichtabwicklung.md' contains a link 'gededit3dgui_d_3dobjektauswahl.htm', but the target 'eplan/gededit3dgui_d_3dobjektauswahl.htm' is not found among documentation files.
WARNING -  Doc file 'eplan/gededit3dgui_r_ansichtabwicklung.md' contains a link 'devicetaggui_r_gruppenfeldeigenschaften.md', but the target 'eplan/devicetaggui_r_gruppenfeldeigenschaften.md' is not found among documentation files.
WARNING -  Doc file 'eplan/gededit3dgui_r_ansichtabwicklung.md' contains a link 'gededit3dgui_d_einstellbeschriftung.htm', but the target 'eplan/gededit3dgui_d_einstellbeschriftung.htm' is not found among documentation files.
WARNING -  Doc file 'eplan/gededit3dgui_r_ansichtabwicklung.md' contains a link 'gededit3dgui_d_einstellautobemassung.htm', but the target 'eplan/gededit3dgui_d_einstellautobemassung.htm' is not found among documentation files.
WARNING -  Doc file 'eplan/gededit3dgui_r_ansichtabwicklung.md' contains a link 'gededitgui_r_rechteck.md', but the target 'eplan/gededitgui_r_rechteck.md' is not found among documentation files.
WARNING -  Doc file 'eplan/gededit3dgui_r_ansichtabwicklung.md' contains a link 'gededit3dgui_r_anzeige.htm', but the target 'eplan/gededit3dgui_r_anzeige.htm' is not found among documentation files.
WARNING -  Doc file 'eplan/gededit3dgui_r_bauteile.md' contains a link 'gededit3dgui_r_bemassung.htm', but the target 'eplan/gededit3dgui_r_bemassung.htm' is not found among documentation files.
WARNING -  Doc file 'eplan/gededit3dgui_r_bemassung.md' contains a link 'gededit3dgui_r_bauteile.htm', but the target 'eplan/gededit3dgui_r_bauteile.htm' is not found among documentation files.
WARNING -  Doc file 'eplan/gededit3dgui_r_modell.md' contains a link 'gededit3dgui_d_3dobjektauswahl.htm', but the target 'eplan/gededit3dgui_d_3dobjektauswahl.htm' is not found among documentation files.
WARNING -  Doc file 'eplan/gededit3dgui_r_modell.md' contains a link 'gededit3dgui_d_3dobjekteeinausblenden.htm', but the target 'eplan/gededit3dgui_d_3dobjekteeinausblenden.htm' is not found among documentation files.
WARNING -  Doc file 'eplan/gededit3dgui_r_modell.md' contains a link 'gededit3dgui_k_start.htm#IsometrischeAnsichten', but the target 'eplan/gededit3dgui_k_start.htm' is not found among documentation files.
WARNING -  Doc file 'eplan/gededit3dgui_r_modell.md' contains a link 'devicetaggui_r_gruppenfeldeigenschaften.md', but the target 'eplan/devicetaggui_r_gruppenfeldeigenschaften.md' is not found among documentation files.
WARNING -  Doc file 'eplan/gededit3dgui_r_modell.md' contains a link 'gededit3dgui_d_einstellbeschriftung.htm', but the target 'eplan/gededit3dgui_d_einstellbeschriftung.htm' is not found among documentation files.
WARNING -  Doc file 'eplan/gededit3dgui_r_modell.md' contains a link 'gededit3dgui_d_einstellautobemassung.htm', but the target 'eplan/gededit3dgui_d_einstellautobemassung.htm' is not found among documentation files.
WARNING -  Doc file 'eplan/gededit3dgui_r_modell.md' contains a link 'gededit3dgui_d_einstellbauteilauswahl.htm', but the target 'eplan/gededit3dgui_d_einstellbauteilauswahl.htm' is not found among documentation files.
WARNING -  Doc file 'eplan/gededit3dgui_r_modell.md' contains a link 'gededit3dgui_k_start.htm#SchraegeFlaechen', but the target 'eplan/gededit3dgui_k_start.htm' is not found among documentation files.
WARNING -  Doc file 'eplan/gededit3dgui_r_modell.md' contains a link 'gededit3dgui_k_start.htm', but the target 'eplan/gededit3dgui_k_start.htm' is not found among documentation files.
WARNING -  Doc file 'eplan/gededit3dgui_r_modell.md' contains a link 'gededit3dgui_h_veraendern.htm', but the target 'eplan/gededit3dgui_h_veraendern.htm' is not found among documentation files.
WARNING -  Doc file 'eplan/gededit3dgui_r_modell.md' contains a link 'gededitgui_r_rechteck.md', but the target 'eplan/gededitgui_r_rechteck.md' is not found among documentation files.
WARNING -  Doc file 'eplan/gededit3dgui_r_modell.md' contains a link 'gededit3dgui_r_anzeige.htm', but the target 'eplan/gededit3dgui_r_anzeige.htm' is not found among documentation files.
WARNING -  Doc file 'eplan/gededit3dgui_r_vorlagen.md' contains a link 'gededit3dgui_h_autoansichterstellen.htm', but the target 'eplan/gededit3dgui_h_autoansichterstellen.htm' is not found among documentation files.
WARNING -  Doc file 'eplan/gededitgui_d_formatgrafik.md' contains a link 'gededitgui_r_linie.md', but the target 'eplan/gededitgui_r_linie.md' is not found among documentation files.
WARNING -  Doc file 'eplan/gededitgui_d_formatgrafik.md' contains a link 'gededitgui_r_polylinie.md', but the target 'eplan/gededitgui_r_polylinie.md' is not found among documentation files.
WARNING -  Doc file 'eplan/gededitgui_d_formatgrafik.md' contains a link 'gededitgui_r_rechteck.md', but the target 'eplan/gededitgui_r_rechteck.md' is not found among documentation files.
WARNING -  Doc file 'eplan/gededitgui_d_formatgrafik.md' contains a link 'gededitgui_r_kreis.md', but the target 'eplan/gededitgui_r_kreis.md' is not found among documentation files.
WARNING -  Doc file 'eplan/gededitgui_d_formatgrafik.md' contains a link 'gededitgui_r_ellipse.md', but the target 'eplan/gededitgui_r_ellipse.md' is not found among documentation files.
WARNING -  Doc file 'eplan/gededitgui_d_formatgrafik.md' contains a link 'gededitgui_r_bezierkurve.md', but the target 'eplan/gededitgui_r_bezierkurve.md' is not found among documentation files.
WARNING -  Doc file 'eplan/gededitgui_h_bezierzeichnen.md' contains a link 'gededitgui_r_bezierkurve.md', but the target 'eplan/gededitgui_r_bezierkurve.md' is not found among documentation files.
WARNING -  Doc file 'eplan/gededitgui_h_kreisezeichnen.md' contains a link 'gededitgui_r_kreis.md', but the target 'eplan/gededitgui_r_kreis.md' is not found among documentation files.
WARNING -  Doc file 'eplan/insertergui_d_einfuegezentrum.md' contains a link '../../../../EDP_Cloud/Content/htm/DataPortalCS_k_home.htm', but the target '../../../EDP_Cloud/Content/htm/DataPortalCS_k_home.htm' is not found among documentation files.
WARNING -  Doc file 'eplan/insertergui_k_makrosammlung.md' contains a link 'cabinetgui_h_3dmakroerstellen.htm', but the target 'eplan/cabinetgui_h_3dmakroerstellen.htm' is not found among documentation files.
WARNING -  Doc file 'eplan/macrosgui_d_platzhalterobjekt.md' contains a link 'cabinetgui_k_3dmakros.htm#Platzhalterobjekte3DMakros', but the target 'eplan/cabinetgui_k_3dmakros.htm' is not found among documentation files.
WARNING -  Doc file 'eplan/macrosgui_d_speichernunter3d.md' contains a link 'cabinetgui_h_3dmakroerstellen.htm', but the target 'eplan/cabinetgui_h_3dmakroerstellen.htm' is not found among documentation files.
WARNING -  Doc file 'eplan/macrosgui_h_makrosausmakroprojekt.md' contains a link 'cabinetgui_h_3dmakroerstellen.htm', but the target 'eplan/cabinetgui_h_3dmakroerstellen.htm' is not found among documentation files.
WARNING -  Doc file 'eplan/messages_o_start.md' contains a link 'messages_o_001Terminals.htm', but the target 'eplan/messages_o_001Terminals.htm' is not found among documentation files.
WARNING -  Doc file 'eplan/messages_o_start.md' contains a link 'messages_o_002Plugs.htm', but the target 'eplan/messages_o_002Plugs.htm' is not found among documentation files.
WARNING -  Doc file 'eplan/messages_o_start.md' contains a link 'messages_o_003Cables.htm', but the target 'eplan/messages_o_003Cables.htm' is not found among documentation files.
WARNING -  Doc file 'eplan/messages_o_start.md' contains a link 'messages_o_004PLCbus.htm', but the target 'eplan/messages_o_004PLCbus.htm' is not found among documentation files.
WARNING -  Doc file 'eplan/messages_o_start.md' contains a link 'messages_o_005Connections.htm', but the target 'eplan/messages_o_005Connections.htm' is not found among documentation files.
WARNING -  Doc file 'eplan/messages_o_start.md' contains a link 'messages_o_007Devices.htm', but the target 'eplan/messages_o_007Devices.htm' is not found among documentation files.
WARNING -  Doc file 'eplan/messages_o_start.md' contains a link 'messages_o_008Foreignlanguages.htm', but the target 'eplan/messages_o_008Foreignlanguages.htm' is not found among documentation files.
WARNING -  Doc file 'eplan/messages_o_start.md' contains a link 'messages_o_010Crossreferences.htm', but the target 'eplan/messages_o_010Crossreferences.htm' is not found among documentation files.
WARNING -  Doc file 'eplan/messages_o_start.md' contains a link 'messages_o_011Interruptionpoints.htm', but the target 'eplan/messages_o_011Interruptionpoints.htm' is not found among documentation files.
WARNING -  Doc file 'eplan/messages_o_start.md' contains a link 'messages_o_0122Dpanellayout.htm', but the target 'eplan/messages_o_0122Dpanellayout.htm' is not found among documentation files.
WARNING -  Doc file 'eplan/messages_o_start.md' contains a link 'messages_o_013Partsdata.htm', but the target 'eplan/messages_o_013Partsdata.htm' is not found among documentation files.
WARNING -  Doc file 'eplan/messages_o_start.md' contains a link 'messages_o_014Macro.htm', but the target 'eplan/messages_o_014Macro.htm' is not found among documentation files.
WARNING -  Doc file 'eplan/messages_o_start.md' contains a link 'messages_o_015Reports.htm', but the target 'eplan/messages_o_015Reports.htm' is not found among documentation files.
WARNING -  Doc file 'eplan/messages_o_start.md' contains a link 'messages_o_016Blackboxes.htm', but the target 'eplan/messages_o_016Blackboxes.htm' is not found among documentation files.
WARNING -  Doc file 'eplan/messages_o_start.md' contains a link 'messages_o_017DT.htm', but the target 'eplan/messages_o_017DT.htm' is not found among documentation files.
WARNING -  Doc file 'eplan/messages_o_start.md' contains a link 'messages_o_020Projectcomparison.htm', but the target 'eplan/messages_o_020Projectcomparison.htm' is not found among documentation files.
WARNING -  Doc file 'eplan/messages_o_start.md' contains a link 'messages_o_021Placeholderobjects.htm', but the target 'eplan/messages_o_021Placeholderobjects.htm' is not found among documentation files.
WARNING -  Doc file 'eplan/messages_o_start.md' contains a link 'messages_o_022Other.htm', but the target 'eplan/messages_o_022Other.htm' is not found among documentation files.
WARNING -  Doc file 'eplan/messages_o_start.md' contains a link 'messages_o_024Fluidpower.htm', but the target 'eplan/messages_o_024Fluidpower.htm' is not found among documentation files.
WARNING -  Doc file 'eplan/messages_o_start.md' contains a link 'messages_o_025Projectsettings.htm', but the target 'eplan/messages_o_025Projectsettings.htm' is not found among documentation files.
WARNING -  Doc file 'eplan/messages_o_start.md' contains a link 'messages_o_0263Dmountinglayout.htm', but the target 'eplan/messages_o_0263Dmountinglayout.htm' is not found among documentation files.
WARNING -  Doc file 'eplan/messages_o_start.md' contains a link 'messages_o_027Topology.htm', but the target 'eplan/messages_o_027Topology.htm' is not found among documentation files.
WARNING -  Doc file 'eplan/messages_o_start.md' contains a link 'messages_o_028Preplanning.htm', but the target 'eplan/messages_o_028Preplanning.htm' is not found among documentation files.
WARNING -  Doc file 'eplan/messages_o_start.md' contains a link 'messages_o_029Preplanningdepth.htm', but the target 'eplan/messages_o_029Preplanningdepth.htm' is not found among documentation files.
WARNING -  Doc file 'eplan/messages_o_start.md' contains a link 'messages_o_030Subprojects.htm', but the target 'eplan/messages_o_030Subprojects.htm' is not found among documentation files.
WARNING -  Doc file 'eplan/messages_o_start.md' contains a link 'messages_o_032Drillingpattern.htm', but the target 'eplan/messages_o_032Drillingpattern.htm' is not found among documentation files.
WARNING -  Doc file 'eplan/messages_o_start.md' contains a link 'messages_o_033Wireharness.htm', but the target 'eplan/messages_o_033Wireharness.htm' is not found among documentation files.
WARNING -  Doc file 'eplan/messages_o_start.md' contains a link 'messages_o_502Partmasterdata.htm', but the target 'eplan/messages_o_502Partmasterdata.htm' is not found among documentation files.
WARNING -  Doc file 'eplan/msgmanagementgui_k_501projektartikelprueflaeufe.md' contains a link 'messages_o_502Partmasterdata.htm', but the target 'eplan/messages_o_502Partmasterdata.htm' is not found among documentation files.
WARNING -  Doc file 'eplan/navigatorgui_h_mehrerfunktionerzeugen.md' contains a link 'eservicesgui_d_nummusteranschluesse.md', but the target 'eplan/eservicesgui_d_nummusteranschluesse.md' is not found among documentation files.
WARNING -  Doc file 'eplan/ncgui_h_2dbohransichterstellen.md' contains a link 'ncgui_k_2dbohransicht.htm', but the target 'eplan/ncgui_k_2dbohransicht.htm' is not found among documentation files.
WARNING -  Doc file 'eplan/ncgui_h_2dbohransichterstellen.md' contains a link 'gededit3dgui_d_2dbohransichten.htm', but the target 'eplan/gededit3dgui_d_2dbohransichten.htm' is not found among documentation files.
WARNING -  Doc file 'eplan/ncgui_h_2dbohransichterstellen.md' contains a link 'gededit3dgui_r_ansicht2dbohransicht.htm', but the target 'eplan/gededit3dgui_r_ansicht2dbohransicht.htm' is not found among documentation files.
WARNING -  Doc file 'eplan/ncgui_h_durchbruchlegendeanlegen.md' contains a link 'ncgui_h_2dbohransichterstellen.htm', but the target 'eplan/ncgui_h_2dbohransichterstellen.htm' is not found among documentation files.
WARNING -  Doc file 'eplan/ncgui_k_2dbohransicht.md' contains a link 'ncgui_h_2dbohransichterstellen.htm', but the target 'eplan/ncgui_h_2dbohransichterstellen.htm' is not found among documentation files.
WARNING -  Doc file 'eplan/ncgui_k_2dbohransicht.md' contains a link 'gededit3dgui_d_2dbohransichten.htm', but the target 'eplan/gededit3dgui_d_2dbohransichten.htm' is not found among documentation files.
WARNING -  Doc file 'eplan/ncgui_k_2dbohransicht.md' contains a link 'gededit3dgui_r_ansicht2dbohransicht.htm', but the target 'eplan/gededit3dgui_r_ansicht2dbohransicht.htm' is not found among documentation files.
WARNING -  Doc file 'eplan/ncgui_k_prinzip.md' contains a link 'messages_p_026030.htm', but the target 'eplan/messages_p_026030.htm' is not found among documentation files.
WARNING -  Doc file 'eplan/news_p_api_2026.md' contains a link 'news_p_eigenschaften_einheitengruppen_471994.htm', but the target 'eplan/news_p_eigenschaften_einheitengruppen_471994.htm' is not found among documentation files.
WARNING -  Doc file 'eplan/news_p_api_2026.md' contains a link 'news_p_artikelverwaltung_artikelprueflaeufe_489829.htm', but the target 'eplan/news_p_artikelverwaltung_artikelprueflaeufe_489829.htm' is not found among documentation files.
WARNING -  Doc file 'eplan/news_p_api_2026.md' contains a link 'news_p_artikelverwaltung_ergaenzungsteile_488170.htm', but the target 'eplan/news_p_artikelverwaltung_ergaenzungsteile_488170.htm' is not found among documentation files.
WARNING -  Doc file 'eplan/news_p_artikelverwaltung_artikelprueflaeufe_489829.md' contains a link '../Pictures/Gui/Lang/articlesgui_newmessagetab_ls.png', but the target 'Pictures/Gui/Lang/articlesgui_newmessagetab_ls.png' is not found among documentation files.
WARNING -  Doc file 'eplan/news_p_artikelverwaltung_artikelprueflaeufe_489829.md' contains a link 'messages_o_502Partmasterdata.htm', but the target 'eplan/messages_o_502Partmasterdata.htm' is not found among documentation files.
WARNING -  Doc file 'eplan/news_p_artikelverwaltung_artikelprueflaeufe_489829.md' contains a link 'news_p_artikelverwaltung_ergaenzungsteile_488170.htm', but the target 'eplan/news_p_artikelverwaltung_ergaenzungsteile_488170.htm' is not found among documentation files.
WARNING -  Doc file 'eplan/news_p_artikelverwaltung_baugruppenaufloesen_496411.md' contains a link '../Pictures/Gui/Lang/articlesgui_assemblytab_ls.png', but the target 'Pictures/Gui/Lang/articlesgui_assemblytab_ls.png' is not found among documentation files.
WARNING -  Doc file 'eplan/news_p_artikelverwaltung_baugruppenaufloesen_496411.md' contains a link 'news_p_artikelverwaltung_ergaenzungsteile_488170.htm', but the target 'eplan/news_p_artikelverwaltung_ergaenzungsteile_488170.htm' is not found among documentation files.
WARNING -  Doc file 'eplan/news_p_artikelverwaltung_eigenschaften_474308.md' contains a link 'news_p_artikelverwaltung_artikelprueflaeufe_489829.htm', but the target 'eplan/news_p_artikelverwaltung_artikelprueflaeufe_489829.htm' is not found among documentation files.
WARNING -  Doc file 'eplan/news_p_artikelverwaltung_ergaenzungsteile_488170.md' contains a link '../Pictures/Gui/Lang/settingsmastergui_newsettingforpartreports_ls.png', but the target 'Pictures/Gui/Lang/settingsmastergui_newsettingforpartreports_ls.png' is not found among documentation files.
WARNING -  Doc file 'eplan/news_p_artikelverwaltung_ergaenzungsteile_488170.md' contains a link 'news_p_artikelverwaltung_baugruppenaufloesen_496411.htm', but the target 'eplan/news_p_artikelverwaltung_baugruppenaufloesen_496411.htm' is not found among documentation files.
WARNING -  Doc file 'eplan/news_p_artikelverwaltung_freieeigenschaftenmigrieren_489508.md' contains a link '../Pictures/Gui/Lang/articlesgui_freepropertymigration_ls.png', but the target 'Pictures/Gui/Lang/articlesgui_freepropertymigration_ls.png' is not found among documentation files.
WARNING -  Doc file 'eplan/news_p_benutzeroberflaeche_dataportalanzeigen_474351.md' contains a link '../Pictures/Gui/Lang/articlesgui_dataportaltab_ls.png', but the target 'Pictures/Gui/Lang/articlesgui_dataportaltab_ls.png' is not found among documentation files.
WARNING -  Doc file 'eplan/news_p_benutzeroberflaeche_dataportalanzeigen_474351.md' contains a link '../../../../Cloud/Content/htm/Cloud_k_home.htm', but the target '../../../Cloud/Content/htm/Cloud_k_home.htm' is not found among documentation files.
WARNING -  Doc file 'eplan/news_p_blockeigenschaften_lokalesformat_503827.md' contains a link '../Pictures/Gui/Lang/eservicesgui_userpropertiesdialog_localformat_ls.png', but the target 'Pictures/Gui/Lang/eservicesgui_userpropertiesdialog_localformat_ls.png' is not found among documentation files.
WARNING -  Doc file 'eplan/news_p_blockeigenschaften_lokalesformat_503827.md' contains a link 'news_p_eigenschaften_einheitengruppen_471994.htm', but the target 'eplan/news_p_eigenschaften_einheitengruppen_471994.htm' is not found among documentation files.
WARNING -  Doc file 'eplan/news_p_eigenschaften_einheitengruppen_471994.md' contains a link 'news_p_blockeigenschaften_lokalesformat_503827.htm', but the target 'eplan/news_p_blockeigenschaften_lokalesformat_503827.htm' is not found among documentation files.
WARNING -  Doc file 'eplan/news_p_einstellungen_kennbuchstabensaetze_479508.md' contains a link '../Pictures/Gui/Lang/numerationgui_identifierset_ls.png', but the target 'Pictures/Gui/Lang/numerationgui_identifierset_ls.png' is not found among documentation files.
WARNING -  Doc file 'eplan/news_p_geraete_zubehoer_481218.md' contains a link '../Pictures/Gui/Lang/xessettingsgui_newgeneraldevicessettings_ls.png', but the target 'Pictures/Gui/Lang/xessettingsgui_newgeneraldevicessettings_ls.png' is not found among documentation files.
WARNING -  Doc file 'eplan/news_p_geraete_zubehoer_481218.md' contains a link '../Pictures/Gui/Lang/partselectiongui_deviceselectiondialog_ls.png', but the target 'Pictures/Gui/Lang/partselectiongui_deviceselectiondialog_ls.png' is not found among documentation files.
WARNING -  Doc file 'eplan/news_p_makros_makrosammlungeinstellungen_488584.md' contains a link '../Pictures/Gui/Lang/insertergui_macrocollectionsettings_ls.png', but the target 'Pictures/Gui/Lang/insertergui_macrocollectionsettings_ls.png' is not found among documentation files.
WARNING -  Doc file 'eplan/news_p_plattform_notes.md' contains a link 'eservicesgui_d_formatberechnung.md#I_Bedingungen', but the target 'eplan/eservicesgui_d_formatberechnung.md' is not found among documentation files.
WARNING -  Doc file 'eplan/news_p_plattform_notes.md' contains a link 'news_p_artikelverwaltung_ergaenzungsteile_488170.htm', but the target 'eplan/news_p_artikelverwaltung_ergaenzungsteile_488170.htm' is not found among documentation files.
WARNING -  Doc file 'eplan/news_p_plattform_notes.md' contains a link 'news_p_artikelverwaltung_ergaenzungsteile_488170.htm', but the target 'eplan/news_p_artikelverwaltung_ergaenzungsteile_488170.htm' is not found among documentation files.
WARNING -  Doc file 'eplan/news_p_preplanning_makrovarianteauswaehlen_471616.md' contains a link '../Pictures/Gui/Lang/planninggui_macrovariantselection_ls.png', but the target 'Pictures/Gui/Lang/planninggui_macrovariantselection_ls.png' is not found among documentation files.
WARNING -  Doc file 'eplan/news_p_propanel_verdrahtungsmanager_488766.md' contains a link '../Pictures/Gui/Lang/routinggui_wiringmanager_ls.png', but the target 'Pictures/Gui/Lang/routinggui_wiringmanager_ls.png' is not found among documentation files.
WARNING -  Doc file 'eplan/news_p_verbindungen_standardsymbole_497789.md' contains a link '../Pictures/Gui/Lang/connections_defaultsymbol_ls.png', but the target 'Pictures/Gui/Lang/connections_defaultsymbol_ls.png' is not found among documentation files.
WARNING -  Doc file 'eplan/pagebrowsergui_d_seiteneigenschaften.md' contains a link 'devicetaggui_r_gruppenfeldeigenschaften.md', but the target 'eplan/devicetaggui_r_gruppenfeldeigenschaften.md' is not found among documentation files.
WARNING -  Doc file 'eplan/pagebrowsergui_d_seitenkopieren.md' contains a link 'devicetaggui_r_gruppenfeldeigenschaften.md', but the target 'eplan/devicetaggui_r_gruppenfeldeigenschaften.md' is not found among documentation files.
WARNING -  Doc file 'eplan/partselectiongui_d_artikelauswahl.md' contains a link '../../../../EDP_Cloud/Content/htm/DataPortalCS_k_home.htm', but the target '../../../EDP_Cloud/Content/htm/DataPortalCS_k_home.htm' is not found among documentation files.
WARNING -  Doc file 'eplan/partselectiongui_d_datenauswahlbenutzer.md' contains a link '../../../../eStock/Content/htm/eSTOCK_k_home.htm', but the target '../../../eStock/Content/htm/eSTOCK_k_home.htm' is not found among documentation files.
WARNING -  Doc file 'eplan/partsimportbmecatgui_r_klassenzuordnung.md' contains a link 'partsimportbmecatgui_d_eclassanwendungsklassen.md', but the target 'eplan/partsimportbmecatgui_d_eclassanwendungsklassen.md' is not found among documentation files.
WARNING -  Doc file 'eplan/planninggui_k_vorgehensweise.md' contains a link 'messages_o_028Preplanning.htm', but the target 'eplan/messages_o_028Preplanning.htm' is not found among documentation files.
WARNING -  Doc file 'eplan/planninggui_k_vorgehensweise.md' contains a link 'messages_o_029Preplanningdepth.htm', but the target 'eplan/messages_o_029Preplanningdepth.htm' is not found among documentation files.
WARNING -  Doc file 'eplan/planninggui_r_messverbraucherstelle.md' contains a link 'devicetaggui_r_gruppenfeldeigenschaften.md', but the target 'eplan/devicetaggui_r_gruppenfeldeigenschaften.md' is not found among documentation files.
WARNING -  Doc file 'eplan/planninggui_r_planungsobjekt.md' contains a link 'devicetaggui_r_gruppenfeldeigenschaften.md', but the target 'eplan/devicetaggui_r_gruppenfeldeigenschaften.md' is not found among documentation files.
WARNING -  Doc file 'eplan/planninggui_r_rohrklassestoff.md' contains a link 'devicetaggui_r_gruppenfeldeigenschaften.md', but the target 'eplan/devicetaggui_r_gruppenfeldeigenschaften.md' is not found among documentation files.
WARNING -  Doc file 'eplan/planninggui_r_rohrleitungsobjekt.md' contains a link 'devicetaggui_r_gruppenfeldeigenschaften.md', but the target 'eplan/devicetaggui_r_gruppenfeldeigenschaften.md' is not found among documentation files.
WARNING -  Doc file 'eplan/planninggui_r_struktursegment.md' contains a link 'devicetaggui_r_gruppenfeldeigenschaften.md', but the target 'eplan/devicetaggui_r_gruppenfeldeigenschaften.md' is not found among documentation files.
WARNING -  Doc file 'eplan/plcgui_k_spsanschluesse.md' contains a link 'messages_p_004040.htm', but the target 'eplan/messages_p_004040.htm' is not found among documentation files.
INFO    -  Doc file 'eplan/prjmanagementgui_d_backstagebefehle.md' contains an absolute link '/eservicesgui_d_bearbeitungsbereichdefinieren.htm', it was left as is.
WARNING -  Doc file 'eplan/prjmanagementgui_r_struktur.md' contains a link 'xessettingsgui_d_einstellungenprojektkompatibilitaet.md', but the target 'eplan/xessettingsgui_d_einstellungenprojektkompatibilitaet.md' is not found among documentation files.
INFO    -  Doc file 'eplan/projectoptionsgui_k_prinzip.md' contains an unrecognized relative link 'таким образом учитываютсявсесоединения', it was left as is.
WARNING -  Doc file 'eplan/projects_h_projektreorganisieren.md' contains a link 'messages_p_022017.htm', but the target 'eplan/messages_p_022017.htm' is not found among documentation files.
WARNING -  Doc file 'eplan/routinggui_d_phasenschienezuweisen.md' contains a link 'modaldialogsdb_d_bmkauswahl.md', but the target 'eplan/modaldialogsdb_d_bmkauswahl.md' is not found among documentation files.
WARNING -  Doc file 'eplan/routinggui_h_verbindungsfilter.md' contains a link 'devicetaggui_r_artikelplatzierung3d.htm', but the target 'eplan/devicetaggui_r_artikelplatzierung3d.htm' is not found among documentation files.
WARNING -  Doc file 'eplan/routinggui_h_verlegebereicheinfuegen.md' contains a link 'messages_p_026036.htm', but the target 'eplan/messages_p_026036.htm' is not found among documentation files.
WARNING -  Doc file 'eplan/stripmanagementgui_d_klemmenleistebearbeiten.md' contains a link 'xessettingsgui_d_einstellungenprojektkompatibilitaet.md', but the target 'eplan/xessettingsgui_d_einstellungenprojektkompatibilitaet.md' is not found among documentation files.
WARNING -  Doc file 'eplan/userdefproperties_k_start.md' contains a link 'userdefproperties_k_prinzip.md', but the target 'eplan/userdefproperties_k_prinzip.md' is not found among documentation files.
WARNING -  Doc file 'eplan/userinterface_k_cloudprodukte.md' contains a link '../../../../htm/portal_home.htm', but the target '../../../htm/portal_home.htm' is not found among documentation files.
WARNING -  Doc file 'eplan/userinterface_k_hintergrund.md' contains a link '../Pictures/Gui/Lang/userinterface_ribbon_structure_ls.png', but the target 'Pictures/Gui/Lang/userinterface_ribbon_structure_ls.png' is not found among documentation files.
WARNING -  Doc file 'eplan/wirenumberinggui_d_netzerweiterung.md' contains a link 'wirenumberinggui_h_netzerweiterung.md', but the target 'eplan/wirenumberinggui_h_netzerweiterung.md' is not found among documentation files.
WARNING -  Doc file 'eplan/wirenumberinggui_h_einstellungen.md' contains a link 'wirenumberinggui_h_netzerweiterung.md', but the target 'eplan/wirenumberinggui_h_netzerweiterung.md' is not found among documentation files.
WARNING -  Doc file 'eplan/wirenumberinggui_h_formatgruppenbearbeiten.md' contains a link 'wirenumberinggui_h_netzerweiterung.md', but the target 'eplan/wirenumberinggui_h_netzerweiterung.md' is not found among documentation files.
WARNING -  Doc file 'eplan/wirenumberinggui_h_formatgruppenerstellen.md' contains a link 'wirenumberinggui_h_netzerweiterung.md', but the target 'eplan/wirenumberinggui_h_netzerweiterung.md' is not found among documentation files.
WARNING -  Doc file 'eplan/wirenumberinggui_k_start.md' contains a link 'wirenumberinggui_h_netzerweiterung.md', but the target 'eplan/wirenumberinggui_h_netzerweiterung.md' is not found among documentation files.
WARNING -  Doc file 'eplan/wirenumberinggui_r_bezeichnung.md' contains a link 'wirenumberinggui_h_netzerweiterung.md', but the target 'eplan/wirenumberinggui_h_netzerweiterung.md' is not found among documentation files.
WARNING -  Doc file 'eplan/xstepgui_d_einstellungen3dimport.md' contains a link 'cabinetgui_h_3dgrafikimportieren.htm', but the target 'eplan/cabinetgui_h_3dgrafikimportieren.htm' is not found among documentation files.
INFO    -  Doc file 'eplan/ProjectCorrectionGui_d_korrektureinstellungen.md' contains a link 'ProjectCorrectionGui_k_korrekturdaten.md#I_Klemmen', but the doc 'eplan/ProjectCorrectionGui_k_korrekturdaten.md' does not contain an anchor '#I_Klemmen'.
INFO    -  Doc file 'eplan/ProjectCorrectionGui_d_korrektureinstellungen.md' contains a link 'ProjectCorrectionGui_k_korrekturdaten.md#I_Stecker', but the doc 'eplan/ProjectCorrectionGui_k_korrekturdaten.md' does not contain an anchor '#I_Stecker'.
INFO    -  Doc file 'eplan/ProjectCorrectionGui_d_korrektureinstellungen.md' contains a link 'ProjectCorrectionGui_k_korrekturdaten.md#I_Verbindungen', but the doc 'eplan/ProjectCorrectionGui_k_korrekturdaten.md' does not contain an anchor '#I_Verbindungen'.
INFO    -  Doc file 'eplan/ProjectCorrectionGui_d_korrektureinstellungen.md' contains a link 'ProjectCorrectionGui_k_korrekturdaten.md#I_SPS', but the doc 'eplan/ProjectCorrectionGui_k_korrekturdaten.md' does not contain an anchor '#I_SPS'.
INFO    -  Doc file 'eplan/articlesgui_d_artverw.md' contains a link 'partselectiongui_d_datenauswahlbenutzer.md#eStock', but the doc 'eplan/partselectiongui_d_datenauswahlbenutzer.md' does not contain an anchor '#eStock'.
INFO    -  Doc file 'eplan/articlesgui_d_artverw.md' contains a link 'partselectiongui_d_datenauswahlbenutzer.md#FunktionsschablonenZusammenfassen', but the doc 'eplan/partselectiongui_d_datenauswahlbenutzer.md' does not contain an anchor '#FunktionsschablonenZusammenfassen'.
INFO    -  Doc file 'eplan/articlesgui_k_ergaenzungsteile.md' contains a link 'articlesgui_k_module.md#ModuleAufloesen', but the doc 'eplan/articlesgui_k_module.md' does not contain an anchor '#ModuleAufloesen'.
INFO    -  Doc file 'eplan/articlesgui_k_module.md' contains a link 'partslistgui_d_paramartikelauswertung.md#Artikelauswertung', but the doc 'eplan/partslistgui_d_paramartikelauswertung.md' does not contain an anchor '#Artikelauswertung'.
INFO    -  Doc file 'eplan/articlesgui_k_module.md' contains a link 'labelgui_d_paramartikelauswertung.md#Artikelauswertung', but the doc 'eplan/labelgui_d_paramartikelauswertung.md' does not contain an anchor '#Artikelauswertung'.
INFO    -  Doc file 'eplan/articlesgui_r_anschluesse.md' contains a link 'partsmanagementgui_d_einstanschlussausf.md#Tabelle', but the doc 'eplan/partsmanagementgui_d_einstanschlussausf.md' does not contain an anchor '#Tabelle'.
INFO    -  Doc file 'eplan/articlesgui_r_anschluesse.md' contains a link 'articlesgui_r_eigenschaften.md#DatenAnschlussbild', but the doc 'eplan/articlesgui_r_eigenschaften.md' does not contain an anchor '#DatenAnschlussbild'.
INFO    -  Doc file 'eplan/articlesgui_r_baugruppe.md' contains a link 'partslistgui_d_paramartikelauswertung.md#Artikelauswertung', but the doc 'eplan/partslistgui_d_paramartikelauswertung.md' does not contain an anchor '#Artikelauswertung'.
INFO    -  Doc file 'eplan/articlesgui_r_baugruppe.md' contains a link 'labelgui_d_paramartikelauswertung.md#Artikelauswertung', but the doc 'eplan/labelgui_d_paramartikelauswertung.md' does not contain an anchor '#Artikelauswertung'.
INFO    -  Doc file 'eplan/articlesgui_r_baugruppe.md' contains a link 'articlesgui_k_module.md#ModuleAufloesen', but the doc 'eplan/articlesgui_k_module.md' does not contain an anchor '#ModuleAufloesen'.
INFO    -  Doc file 'eplan/articlesgui_r_durchbrueche.md' contains a link 'articlesgui_r_eigenschaften.md#DatenBohrbild', but the doc 'eplan/articlesgui_r_eigenschaften.md' does not contain an anchor '#DatenBohrbild'.
INFO    -  Doc file 'eplan/articlesgui_r_eigenschaften.md' contains a link 'articlesgui_k_zubehoerlisten.md#ZubehoerlistenVollstaendig', but the doc 'eplan/articlesgui_k_zubehoerlisten.md' does not contain an anchor '#ZubehoerlistenVollstaendig'.
INFO    -  Doc file 'eplan/articlesgui_r_eigenschaften.md' contains a link 'partsmanagementgui_d_einstanschlussausf.md#Tabelle', but the doc 'eplan/partsmanagementgui_d_einstanschlussausf.md' does not contain an anchor '#Tabelle'.
INFO    -  Doc file 'eplan/articlesgui_r_funktionsschablone.md' contains a link 'xfctdefbrowsergui_k_funktionsdefinitionen.md#I_Grundfunktionsdefinition', but the doc 'eplan/xfctdefbrowsergui_k_funktionsdefinitionen.md' does not contain an anchor '#I_Grundfunktionsdefinition'.
INFO    -  Doc file 'eplan/articlesgui_r_modul.md' contains a link 'partslistgui_d_paramartikelauswertung.md#Artikelauswertung', but the doc 'eplan/partslistgui_d_paramartikelauswertung.md' does not contain an anchor '#Artikelauswertung'.
INFO    -  Doc file 'eplan/articlesgui_r_modul.md' contains a link 'labelgui_d_paramartikelauswertung.md#Artikelauswertung', but the doc 'eplan/labelgui_d_paramartikelauswertung.md' does not contain an anchor '#Artikelauswertung'.
INFO    -  Doc file 'eplan/articlesgui_r_modul.md' contains a link 'articlesgui_k_module.md#ModuleAufloesen', but the doc 'eplan/articlesgui_k_module.md' does not contain an anchor '#ModuleAufloesen'.
INFO    -  Doc file 'eplan/articlesgui_r_platzierung.md' contains a link 'articlesgui_r_eigenschaften.md#DatenZubehoerplatzierung', but the doc 'eplan/articlesgui_r_eigenschaften.md' does not contain an anchor '#DatenZubehoerplatzierung'.
INFO    -  Doc file 'eplan/articlesgui_r_zubehoerlisteartikel.md' contains a link 'articlesgui_r_eigenschaften.md#DatenZubehoerlisten', but the doc 'eplan/articlesgui_r_eigenschaften.md' does not contain an anchor '#DatenZubehoerlisten'.
INFO    -  Doc file 'eplan/blackbox_k_schachteln.md' contains a link 'prjmanagementgui_r_vererbung.md#Schachteln', but the doc 'eplan/prjmanagementgui_r_vererbung.md' does not contain an anchor '#Schachteln'.
INFO    -  Doc file 'eplan/cabinetgui_d_abmessungen.md' contains a link 'cabinetgui_h_geraetplatzieren.md#Abmessungen', but the doc 'eplan/cabinetgui_h_geraetplatzieren.md' does not contain an anchor '#Abmessungen'.
INFO    -  Doc file 'eplan/cabinetgui_d_musterschrankwaehlen.md' contains a link 'modaldialogsdb_k_filter.md#I_Schnelleingabe', but the doc 'eplan/modaldialogsdb_k_filter.md' does not contain an anchor '#I_Schnelleingabe'.
INFO    -  Doc file 'eplan/cabinetgui_d_navigator.md' contains a link 'modaldialogsdb_k_filter.md#I_Schnelleingabe', but the doc 'eplan/modaldialogsdb_k_filter.md' does not contain an anchor '#I_Schnelleingabe'.
INFO    -  Doc file 'eplan/cabinetgui_d_navigator.md' contains a link 'cabinetgui_h_aktivierenautomatisch.md#I_GezieltAktivieren', but the doc 'eplan/cabinetgui_h_aktivierenautomatisch.md' does not contain an anchor '#I_GezieltAktivieren'.
INFO    -  Doc file 'eplan/cabinetgui_d_navigator.md' contains a link 'cabinetgui_h_aktivierenautomatisch.md#I_Aktivierungaufheben', but the doc 'eplan/cabinetgui_h_aktivierenautomatisch.md' does not contain an anchor '#I_Aktivierungaufheben'.
INFO    -  Doc file 'eplan/cabinetgui_d_navigator.md' contains a link 'cabinetgui_h_bauraumansichten.md#I_BauraumVereinfachteDarstellung', but the doc 'eplan/cabinetgui_h_bauraumansichten.md' does not contain an anchor '#I_BauraumVereinfachteDarstellung'.
INFO    -  Doc file 'eplan/cabinetgui_d_navigator3dschaltschrankaufbau.md' contains a link 'modaldialogsdb_k_filter.md#I_Schnelleingabe', but the doc 'eplan/modaldialogsdb_k_filter.md' does not contain an anchor '#I_Schnelleingabe'.
INFO    -  Doc file 'eplan/cabinetgui_h_anschlussdefinieren.md' contains a link 'devicetaggui_r_anschlussbild.md#XYZVektor', but the doc 'eplan/devicetaggui_r_anschlussbild.md' does not contain an anchor '#XYZVektor'.
INFO    -  Doc file 'eplan/cabinetgui_h_montageliniedefinieren.md' contains a link 'cabinetgui_h_anschlussdefinieren.md#ZRichtung', but the doc 'eplan/cabinetgui_h_anschlussdefinieren.md' does not contain an anchor '#ZRichtung'.
INFO    -  Doc file 'eplan/cabinetgui_h_varbtplatzieren.md' contains a link 'cabinetgui_h_aktivierenautomatisch.md#I_GezieltAktivieren', but the doc 'eplan/cabinetgui_h_aktivierenautomatisch.md' does not contain an anchor '#I_GezieltAktivieren'.
INFO    -  Doc file 'eplan/cabinetgui_h_verlustleistungberechnen.md' contains a link 'cabinetgui_k_verlustleistungprinzip.md#Gleichzeitigkeitsfaktor', but the doc 'eplan/cabinetgui_k_verlustleistungprinzip.md' does not contain an anchor '#Gleichzeitigkeitsfaktor'.
INFO    -  Doc file 'eplan/cabinetgui_h_zielmatesdefinieren.md' contains a link 'cabinetgui_h_anschlussdefinieren.md#ZRichtung', but the doc 'eplan/cabinetgui_h_anschlussdefinieren.md' does not contain an anchor '#ZRichtung'.
INFO    -  Doc file 'eplan/cabinetgui_k_3dmakros.md' contains a link 'cabinetgui_d_navigator.md#I_Icons', but the doc 'eplan/cabinetgui_d_navigator.md' does not contain an anchor '#I_Icons'.
INFO    -  Doc file 'eplan/cabinetgui_k_auswertungmontageliste.md' contains a link 'formgeneratorgui_k_auswertungsuebersicht.md#I_Montageliste', but the doc 'eplan/formgeneratorgui_k_auswertungsuebersicht.md' does not contain an anchor '#I_Montageliste'.
INFO    -  Doc file 'eplan/cablegui_d_einstellungenkabelmanuell.md' contains a link 'cablegui_k_prinzip.md#I_SeitenorientierteErmittlungQuelleZiel', but the doc 'eplan/cablegui_k_prinzip.md' does not contain an anchor '#I_SeitenorientierteErmittlungQuelleZiel'.
INFO    -  Doc file 'eplan/cablegui_h_kabelauflegen.md' contains a link 'cablegui_k_quellezielermittlung.md#I_Sortierung', but the doc 'eplan/cablegui_k_quellezielermittlung.md' does not contain an anchor '#I_Sortierung'.
INFO    -  Doc file 'eplan/cablegui_h_kabelmengenberechnen.md' contains a link 'cablegui_d_kabelmengenberechnung.md#VollstaendigerKabeltyp', but the doc 'eplan/cablegui_d_kabelmengenberechnung.md' does not contain an anchor '#VollstaendigerKabeltyp'.
INFO    -  Doc file 'eplan/cablegui_k_vorkonfektioniertekabel.md' contains a link 'connectionsettingsgui_d_einstellungenallgemein.md#DirektverbindungenErzeugen', but the doc 'eplan/connectionsettingsgui_d_einstellungenallgemein.md' does not contain an anchor '#DirektverbindungenErzeugen'.
INFO    -  Doc file 'eplan/cablegui_k_vorkonfektioniertekabel.md' contains a link 'partselectiongui_d_datenauswahlbenutzer.md#FunktionsschablonenZusammenfassen', but the doc 'eplan/partselectiongui_d_datenauswahlbenutzer.md' does not contain an anchor '#FunktionsschablonenZusammenfassen'.
INFO    -  Doc file 'eplan/cablinggui_d_funktionenerzeugen.md' contains a link 'modaldialogsdb_k_filter.md#I_Schnelleingabe', but the doc 'eplan/modaldialogsdb_k_filter.md' does not contain an anchor '#I_Schnelleingabe'.
INFO    -  Doc file 'eplan/cablinggui_d_navigator.md' contains a link 'modaldialogsdb_k_filter.md#I_Schnelleingabe', but the doc 'eplan/modaldialogsdb_k_filter.md' does not contain an anchor '#I_Schnelleingabe'.
INFO    -  Doc file 'eplan/connectionbrowsergui_d_verbindungen.md' contains a link 'modaldialogsdb_k_filter.md#I_Schnelleingabe', but the doc 'eplan/modaldialogsdb_k_filter.md' does not contain an anchor '#I_Schnelleingabe'.
INFO    -  Doc file 'eplan/copper_h_kupferabwicklungerstellen.md' contains a link 'cabinetgui_d_einstellungenkupferbiegung.md#Biegungstabelle', but the doc 'eplan/cabinetgui_d_einstellungenkupferbiegung.md' does not contain an anchor '#Biegungstabelle'.
INFO    -  Doc file 'eplan/copper_k_auswertungmontageliste.md' contains a link 'formgeneratorgui_k_auswertungsuebersicht.md#I_Montageliste', but the doc 'eplan/formgeneratorgui_k_auswertungsuebersicht.md' does not contain an anchor '#I_Montageliste'.
INFO    -  Doc file 'eplan/devicelistgui_d_geraeteliste.md' contains a link 'modaldialogsdb_k_filter.md#I_Schnelleingabe', but the doc 'eplan/modaldialogsdb_k_filter.md' does not contain an anchor '#I_Schnelleingabe'.
INFO    -  Doc file 'eplan/devicelistgui_k_platzieren.md' contains a link 'devicelistgui_k_vorgehengeraeteeinfuegen.md#I_MakrosBeimGeraeteErzeugen', but the doc 'eplan/devicelistgui_k_vorgehengeraeteeinfuegen.md' does not contain an anchor '#I_MakrosBeimGeraeteErzeugen'.
INFO    -  Doc file 'eplan/devicelistgui_k_platzieren.md' contains a link 'xessettingsgui_d_betriebsmittelallgemein.md#ZubehoerAutomatisch', but the doc 'eplan/xessettingsgui_d_betriebsmittelallgemein.md' does not contain an anchor '#ZubehoerAutomatisch'.
INFO    -  Doc file 'eplan/devicetaggui_r_busdaten.md' contains a link 'plcgui_k_spsanschluesse.md#I_Netzwerkanschluesse', but the doc 'eplan/plcgui_k_spsanschluesse.md' does not contain an anchor '#I_Netzwerkanschluesse'.
INFO    -  Doc file 'eplan/devicetaggui_r_spskarte.md' contains a link 'eservicesgui_d_formatzaehler.md#Konfigurationswert', but the doc 'eplan/eservicesgui_d_formatzaehler.md' does not contain an anchor '#Konfigurationswert'.
INFO    -  Doc file 'eplan/devicetaggui_r_symbolfunktionsdaten.md' contains a link 'devicetaggui_k_verhaltengrafischerschaltzeichen.md#I_Auswertungen', but the doc 'eplan/devicetaggui_k_verhaltengrafischerschaltzeichen.md' does not contain an anchor '#I_Auswertungen'.
INFO    -  Doc file 'eplan/devicetaggui_r_symbolfunktionsdaten.md' contains a link 'xfctdefbrowsergui_d_anschlusslogik.md#Eigensicherheit', but the doc 'eplan/xfctdefbrowsergui_d_anschlusslogik.md' does not contain an anchor '#Eigensicherheit'.
INFO    -  Doc file 'eplan/egedgui_d_kreuzung.md' contains a link 'egedgui_d_bruecke.md#Ziele', but the doc 'eplan/egedgui_d_bruecke.md' does not contain an anchor '#Ziele'.
INFO    -  Doc file 'eplan/egedgui_d_tstueck.md' contains a link 'egedgui_d_bruecke.md#Ziele', but the doc 'eplan/egedgui_d_bruecke.md' does not contain an anchor '#Ziele'.
INFO    -  Doc file 'eplan/formgeneratorgui_d_auswahl.md' contains a link 'formgeneratorgui_k_auswertungstypen.md#I_Funktionsbezogene', but the doc 'eplan/formgeneratorgui_k_auswertungstypen.md' does not contain an anchor '#I_Funktionsbezogene'.
INFO    -  Doc file 'eplan/formgeneratorgui_d_auswertungen.md' contains a link 'formgeneratorgui_k_auswertungstypen.md#I_Funktionsbezogene', but the doc 'eplan/formgeneratorgui_k_auswertungstypen.md' does not contain an anchor '#I_Funktionsbezogene'.
INFO    -  Doc file 'eplan/formgeneratorgui_d_auswertungen.md' contains a link 'formgeneratorgui_k_auswertungstypen.md#I_Auswertungsuebersicht', but the doc 'eplan/formgeneratorgui_k_auswertungstypen.md' does not contain an anchor '#I_Auswertungsuebersicht'.
INFO    -  Doc file 'eplan/formgeneratorgui_d_auswertungen.md' contains a link 'formgeneratorgui_d_vorlagen.md#Ueberblick', but the doc 'eplan/formgeneratorgui_d_vorlagen.md' does not contain an anchor '#Ueberblick'.
INFO    -  Doc file 'eplan/formgeneratorgui_d_filtererweitert.md' contains a link 'formgeneratorgui_k_auswertungstypen.md#I_Funktionsbezogene', but the doc 'eplan/formgeneratorgui_k_auswertungstypen.md' does not contain an anchor '#I_Funktionsbezogene'.
INFO    -  Doc file 'eplan/formgeneratorgui_d_grafikausgabe.md' contains a link 'formgeneratorgui_k_auswertungstypen.md#I_Auswertungsuebersicht', but the doc 'eplan/formgeneratorgui_k_auswertungstypen.md' does not contain an anchor '#I_Auswertungsuebersicht'.
INFO    -  Doc file 'eplan/formgeneratorgui_d_vorlagen.md' contains a link 'articlesgui_k_module.md#ModuleAufloesen', but the doc 'eplan/articlesgui_k_module.md' does not contain an anchor '#ModuleAufloesen'.
INFO    -  Doc file 'eplan/formgeneratorgui_d_vorlagen.md' contains a link 'formgeneratorgui_k_auswertungsvorlagen.md#Bedingte', but the doc 'eplan/formgeneratorgui_k_auswertungsvorlagen.md' does not contain an anchor '#Bedingte'.
INFO    -  Doc file 'eplan/formgeneratorgui_h_vorlageerstellen.md' contains a link 'formgeneratorgui_k_auswertungsvorlagen.md#Bedingte', but the doc 'eplan/formgeneratorgui_k_auswertungsvorlagen.md' does not contain an anchor '#Bedingte'.
INFO    -  Doc file 'eplan/formgeneratorgui_k_auswertungstypen.md' contains a link 'formgeneratorgui_k_funktionsbezogen.md#I_Durchbruchlegende', but the doc 'eplan/formgeneratorgui_k_funktionsbezogen.md' does not contain an anchor '#I_Durchbruchlegende'.
INFO    -  Doc file 'eplan/formgeneratorgui_k_auswertungstypen.md' contains a link 'formgeneratorgui_k_funktionsbezogen.md#I_Gerateanschlplan', but the doc 'eplan/formgeneratorgui_k_funktionsbezogen.md' does not contain an anchor '#I_Gerateanschlplan'.
INFO    -  Doc file 'eplan/formgeneratorgui_k_auswertungstypen.md' contains a link 'formgeneratorgui_k_funktionsbezogen.md#I_Kabelanschlplan', but the doc 'eplan/formgeneratorgui_k_funktionsbezogen.md' does not contain an anchor '#I_Kabelanschlplan'.
INFO    -  Doc file 'eplan/formgeneratorgui_k_auswertungstypen.md' contains a link 'formgeneratorgui_k_funktionsbezogen.md#I_Kabelplan', but the doc 'eplan/formgeneratorgui_k_funktionsbezogen.md' does not contain an anchor '#I_Kabelplan'.
INFO    -  Doc file 'eplan/formgeneratorgui_k_auswertungstypen.md' contains a link 'formgeneratorgui_k_funktionsbezogen.md#I_Klemmanschlplan', but the doc 'eplan/formgeneratorgui_k_funktionsbezogen.md' does not contain an anchor '#I_Klemmanschlplan'.
INFO    -  Doc file 'eplan/formgeneratorgui_k_auswertungstypen.md' contains a link 'formgeneratorgui_k_funktionsbezogen.md#I_Klemmenaufreihplan', but the doc 'eplan/formgeneratorgui_k_funktionsbezogen.md' does not contain an anchor '#I_Klemmenaufreihplan'.
INFO    -  Doc file 'eplan/formgeneratorgui_k_auswertungstypen.md' contains a link 'formgeneratorgui_k_funktionsbezogen.md#I_Klemmenplan', but the doc 'eplan/formgeneratorgui_k_funktionsbezogen.md' does not contain an anchor '#I_Klemmenplan'.
INFO    -  Doc file 'eplan/formgeneratorgui_k_auswertungstypen.md' contains a link 'formgeneratorgui_k_funktionsbezogen.md#I_Schaltschrlegende', but the doc 'eplan/formgeneratorgui_k_funktionsbezogen.md' does not contain an anchor '#I_Schaltschrlegende'.
INFO    -  Doc file 'eplan/formgeneratorgui_k_auswertungstypen.md' contains a link 'formgeneratorgui_k_funktionsbezogen.md#I_SPSDiagramm', but the doc 'eplan/formgeneratorgui_k_funktionsbezogen.md' does not contain an anchor '#I_SPSDiagramm'.
INFO    -  Doc file 'eplan/formgeneratorgui_k_auswertungstypen.md' contains a link 'formgeneratorgui_k_funktionsbezogen.md#I_Steckanschlplan', but the doc 'eplan/formgeneratorgui_k_funktionsbezogen.md' does not contain an anchor '#I_Steckanschlplan'.
INFO    -  Doc file 'eplan/formgeneratorgui_k_auswertungstypen.md' contains a link 'formgeneratorgui_k_funktionsbezogen.md#I_Steckerplan', but the doc 'eplan/formgeneratorgui_k_funktionsbezogen.md' does not contain an anchor '#I_Steckerplan'.
INFO    -  Doc file 'eplan/formgeneratorgui_k_auswertungstypen.md' contains a link 'formgeneratorgui_k_funktionsbezogen.md#I_Symboluebersicht', but the doc 'eplan/formgeneratorgui_k_funktionsbezogen.md' does not contain an anchor '#I_Symboluebersicht'.
INFO    -  Doc file 'eplan/formgeneratorgui_k_auswertungstypen.md' contains a link 'formgeneratorgui_k_funktionsbezogen.md#I_Streckenplan', but the doc 'eplan/formgeneratorgui_k_funktionsbezogen.md' does not contain an anchor '#I_Streckenplan'.
INFO    -  Doc file 'eplan/formgeneratorgui_k_auswertungstypen.md' contains a link 'formgeneratorgui_k_funktionsbezogen.md#I_Planungsobjektplan', but the doc 'eplan/formgeneratorgui_k_funktionsbezogen.md' does not contain an anchor '#I_Planungsobjektplan'.
INFO    -  Doc file 'eplan/formgeneratorgui_k_auswertungstypen.md' contains a link 'formgeneratorgui_k_funktionsbezogen.md#I_Segmentvorlagenplan', but the doc 'eplan/formgeneratorgui_k_funktionsbezogen.md' does not contain an anchor '#I_Segmentvorlagenplan'.
INFO    -  Doc file 'eplan/formgeneratorgui_k_auswertungstypen.md' contains a link 'formgeneratorgui_k_funktionsbezogen.md#I_Struktursegmentplaene', but the doc 'eplan/formgeneratorgui_k_funktionsbezogen.md' does not contain an anchor '#I_Struktursegmentplaene'.
INFO    -  Doc file 'eplan/formgeneratorgui_k_auswertungstypen.md' contains a link 'formgeneratorgui_k_auswertungsuebersicht.md#I_Artikgrupplan', but the doc 'eplan/formgeneratorgui_k_auswertungsuebersicht.md' does not contain an anchor '#I_Artikgrupplan'.
INFO    -  Doc file 'eplan/formgeneratorgui_k_auswertungstypen.md' contains a link 'formgeneratorgui_k_auswertungsuebersicht.md#I_Stueckliste', but the doc 'eplan/formgeneratorgui_k_auswertungsuebersicht.md' does not contain an anchor '#I_Stueckliste'.
INFO    -  Doc file 'eplan/formgeneratorgui_k_auswertungstypen.md' contains a link 'formgeneratorgui_k_auswertungsuebersicht.md#I_Artiksumstuecklist', but the doc 'eplan/formgeneratorgui_k_auswertungsuebersicht.md' does not contain an anchor '#I_Artiksumstuecklist'.
INFO    -  Doc file 'eplan/formgeneratorgui_k_auswertungstypen.md' contains a link 'formgeneratorgui_k_auswertungsuebersicht.md#I_Betriebsmittelliste', but the doc 'eplan/formgeneratorgui_k_auswertungsuebersicht.md' does not contain an anchor '#I_Betriebsmittelliste'.
INFO    -  Doc file 'eplan/formgeneratorgui_k_auswertungstypen.md' contains a link 'formgeneratorgui_k_auswertungsuebersicht.md#I_Formdokum', but the doc 'eplan/formgeneratorgui_k_auswertungsuebersicht.md' does not contain an anchor '#I_Formdokum'.
INFO    -  Doc file 'eplan/formgeneratorgui_k_auswertungstypen.md' contains a link 'formgeneratorgui_k_auswertungsuebersicht.md#I_Herstellerliste', but the doc 'eplan/formgeneratorgui_k_auswertungsuebersicht.md' does not contain an anchor '#I_Herstellerliste'.
INFO    -  Doc file 'eplan/formgeneratorgui_k_auswertungstypen.md' contains a link 'formgeneratorgui_k_auswertungsuebersicht.md#I_Inhaltsverzeichnis', but the doc 'eplan/formgeneratorgui_k_auswertungsuebersicht.md' does not contain an anchor '#I_Inhaltsverzeichnis'.
INFO    -  Doc file 'eplan/formgeneratorgui_k_auswertungstypen.md' contains a link 'formgeneratorgui_k_auswertungsuebersicht.md#I_Kabelaufbau', but the doc 'eplan/formgeneratorgui_k_auswertungsuebersicht.md' does not contain an anchor '#I_Kabelaufbau'.
INFO    -  Doc file 'eplan/formgeneratorgui_k_auswertungstypen.md' contains a link 'formgeneratorgui_k_auswertungsuebersicht.md#I_Kabeluebersicht', but the doc 'eplan/formgeneratorgui_k_auswertungsuebersicht.md' does not contain an anchor '#I_Kabeluebersicht'.
INFO    -  Doc file 'eplan/formgeneratorgui_k_auswertungstypen.md' contains a link 'formgeneratorgui_k_auswertungsuebersicht.md#I_Klemleistuebersicht', but the doc 'eplan/formgeneratorgui_k_auswertungsuebersicht.md' does not contain an anchor '#I_Klemleistuebersicht'.
INFO    -  Doc file 'eplan/formgeneratorgui_k_auswertungstypen.md' contains a link 'formgeneratorgui_k_auswertungsuebersicht.md#I_Montageliste', but the doc 'eplan/formgeneratorgui_k_auswertungsuebersicht.md' does not contain an anchor '#I_Montageliste'.
INFO    -  Doc file 'eplan/formgeneratorgui_k_auswertungstypen.md' contains a link 'formgeneratorgui_k_auswertungsuebersicht.md#I_Normdokum', but the doc 'eplan/formgeneratorgui_k_auswertungsuebersicht.md' does not contain an anchor '#I_Normdokum'.
INFO    -  Doc file 'eplan/formgeneratorgui_k_auswertungstypen.md' contains a link 'formgeneratorgui_k_auswertungsuebersicht.md#I_Platzhalteruebersicht', but the doc 'eplan/formgeneratorgui_k_auswertungsuebersicht.md' does not contain an anchor '#I_Platzhalteruebersicht'.
INFO    -  Doc file 'eplan/formgeneratorgui_k_auswertungstypen.md' contains a link 'formgeneratorgui_k_auswertungsuebersicht.md#I_Potuebersicht', but the doc 'eplan/formgeneratorgui_k_auswertungsuebersicht.md' does not contain an anchor '#I_Potuebersicht'.
INFO    -  Doc file 'eplan/formgeneratorgui_k_auswertungstypen.md' contains a link 'formgeneratorgui_k_auswertungsuebersicht.md#I_Optionsuebersicht', but the doc 'eplan/formgeneratorgui_k_auswertungsuebersicht.md' does not contain an anchor '#I_Optionsuebersicht'.
INFO    -  Doc file 'eplan/formgeneratorgui_k_auswertungstypen.md' contains a link 'formgeneratorgui_k_auswertungsuebersicht.md#I_Revisionsuebersicht', but the doc 'eplan/formgeneratorgui_k_auswertungsuebersicht.md' does not contain an anchor '#I_Revisionsuebersicht'.
INFO    -  Doc file 'eplan/formgeneratorgui_k_auswertungstypen.md' contains a link 'formgeneratorgui_k_auswertungsuebersicht.md#I_Rohrleitungsuebersicht', but the doc 'eplan/formgeneratorgui_k_auswertungsuebersicht.md' does not contain an anchor '#I_Rohrleitungsuebersicht'.
INFO    -  Doc file 'eplan/formgeneratorgui_k_auswertungstypen.md' contains a link 'formgeneratorgui_k_auswertungsuebersicht.md#I_SPSAdressuebersicht', but the doc 'eplan/formgeneratorgui_k_auswertungsuebersicht.md' does not contain an anchor '#I_SPSAdressuebersicht'.
INFO    -  Doc file 'eplan/formgeneratorgui_k_auswertungstypen.md' contains a link 'formgeneratorgui_k_auswertungsuebersicht.md#I_SPSKartenuebersicht', but the doc 'eplan/formgeneratorgui_k_auswertungsuebersicht.md' does not contain an anchor '#I_SPSKartenuebersicht'.
INFO    -  Doc file 'eplan/formgeneratorgui_k_auswertungstypen.md' contains a link 'formgeneratorgui_k_auswertungsuebersicht.md#I_Steckeruebersicht', but the doc 'eplan/formgeneratorgui_k_auswertungsuebersicht.md' does not contain an anchor '#I_Steckeruebersicht'.
INFO    -  Doc file 'eplan/formgeneratorgui_k_auswertungstypen.md' contains a link 'formgeneratorgui_k_auswertungsuebersicht.md#I_Struktkennzuebersicht', but the doc 'eplan/formgeneratorgui_k_auswertungsuebersicht.md' does not contain an anchor '#I_Struktkennzuebersicht'.
INFO    -  Doc file 'eplan/formgeneratorgui_k_auswertungstypen.md' contains a link 'formgeneratorgui_k_auswertungsuebersicht.md#I_TitelDeckblatt', but the doc 'eplan/formgeneratorgui_k_auswertungsuebersicht.md' does not contain an anchor '#I_TitelDeckblatt'.
INFO    -  Doc file 'eplan/formgeneratorgui_k_auswertungstypen.md' contains a link 'formgeneratorgui_k_auswertungsuebersicht.md#I_Streckenliste', but the doc 'eplan/formgeneratorgui_k_auswertungsuebersicht.md' does not contain an anchor '#I_Streckenliste'.
INFO    -  Doc file 'eplan/formgeneratorgui_k_auswertungstypen.md' contains a link 'formgeneratorgui_k_auswertungsuebersicht.md#I_VerlegteKabel', but the doc 'eplan/formgeneratorgui_k_auswertungsuebersicht.md' does not contain an anchor '#I_VerlegteKabel'.
INFO    -  Doc file 'eplan/formgeneratorgui_k_auswertungstypen.md' contains a link 'formgeneratorgui_k_auswertungsuebersicht.md#I_Verbindungsliste', but the doc 'eplan/formgeneratorgui_k_auswertungsuebersicht.md' does not contain an anchor '#I_Verbindungsliste'.
INFO    -  Doc file 'eplan/formgeneratorgui_k_auswertungstypen.md' contains a link 'formgeneratorgui_k_auswertungsuebersicht.md#I_Struktursegmenteuebersichten', but the doc 'eplan/formgeneratorgui_k_auswertungsuebersicht.md' does not contain an anchor '#I_Struktursegmenteuebersichten'.
INFO    -  Doc file 'eplan/formgeneratorgui_k_auswertungstypen.md' contains a link 'formgeneratorgui_k_auswertungsuebersicht.md#I_Planungsobjekteuebersicht', but the doc 'eplan/formgeneratorgui_k_auswertungsuebersicht.md' does not contain an anchor '#I_Planungsobjekteuebersicht'.
INFO    -  Doc file 'eplan/formgeneratorgui_k_auswertungstypen.md' contains a link 'formgeneratorgui_k_auswertungsuebersicht.md#I_Segmentvorlagenuebersicht', but the doc 'eplan/formgeneratorgui_k_auswertungsuebersicht.md' does not contain an anchor '#I_Segmentvorlagenuebersicht'.
INFO    -  Doc file 'eplan/formgeneratorgui_k_auswertungstypen.md' contains a link 'formgeneratorgui_k_auswertungsuebersicht.md#I_Rohrklassenuebersicht', but the doc 'eplan/formgeneratorgui_k_auswertungsuebersicht.md' does not contain an anchor '#I_Rohrklassenuebersicht'.
INFO    -  Doc file 'eplan/formgeneratorgui_k_auswertungstypen.md' contains a link 'formgeneratorgui_k_auswertungsuebersicht.md#I_Stoffeuebersicht', but the doc 'eplan/formgeneratorgui_k_auswertungsuebersicht.md' does not contain an anchor '#I_Stoffeuebersicht'.
INFO    -  Doc file 'eplan/formgeneratorgui_k_auswertungstypen.md' contains a link 'formgeneratorgui_k_auswertunggrafisch.md#I_Grafik', but the doc 'eplan/formgeneratorgui_k_auswertunggrafisch.md' does not contain an anchor '#I_Grafik'.
INFO    -  Doc file 'eplan/formgeneratorgui_k_auswertungsuebersicht.md' contains a link 'placeholder_o_main.md#1420141', but the doc 'eplan/placeholder_o_main.md' does not contain an anchor '#1420141'.
INFO    -  Doc file 'eplan/formgeneratorgui_k_auswertungsuebersicht.md' contains a link 'placeholder_o_main.md#3520141', but the doc 'eplan/placeholder_o_main.md' does not contain an anchor '#3520141'.
INFO    -  Doc file 'eplan/formgeneratorgui_k_auswertungsuebersicht.md' contains a link 'placeholder_o_main.md#1320026', but the doc 'eplan/placeholder_o_main.md' does not contain an anchor '#1320026'.
INFO    -  Doc file 'eplan/formgeneratorgui_k_auswertungsuebersicht.md' contains a link 'placeholder_o_main.md#3220141', but the doc 'eplan/placeholder_o_main.md' does not contain an anchor '#3220141'.
INFO    -  Doc file 'eplan/formgeneratorgui_k_auswertungsuebersicht.md' contains a link 'placeholder_o_main.md#2120085', but the doc 'eplan/placeholder_o_main.md' does not contain an anchor '#2120085'.
INFO    -  Doc file 'eplan/formgeneratorgui_k_auswertungsuebersicht.md' contains a link 'placeholder_o_main.md#1520141', but the doc 'eplan/placeholder_o_main.md' does not contain an anchor '#1520141'.
INFO    -  Doc file 'eplan/formgeneratorgui_k_auswertungsuebersicht.md' contains a link 'placeholder_o_main.md#3320141', but the doc 'eplan/placeholder_o_main.md' does not contain an anchor '#3320141'.
INFO    -  Doc file 'eplan/formgeneratorgui_k_auswertungsuebersicht.md' contains a link 'placeholder_o_main.md#2020141', but the doc 'eplan/placeholder_o_main.md' does not contain an anchor '#2020141'.
INFO    -  Doc file 'eplan/formgeneratorgui_k_auswertungsuebersicht.md' contains a link 'placeholder_o_main.md#4720141', but the doc 'eplan/placeholder_o_main.md' does not contain an anchor '#4720141'.
INFO    -  Doc file 'eplan/formgeneratorgui_k_auswertungsuebersicht.md' contains a link 'placeholder_o_main.md#2300117', but the doc 'eplan/placeholder_o_main.md' does not contain an anchor '#2300117'.
INFO    -  Doc file 'eplan/formgeneratorgui_k_auswertungsuebersicht.md' contains a link 'placeholder_o_main.md#1620029', but the doc 'eplan/placeholder_o_main.md' does not contain an anchor '#1620029'.
INFO    -  Doc file 'eplan/formgeneratorgui_k_auswertungsuebersicht.md' contains a link 'placeholder_o_main.md#5920141', but the doc 'eplan/placeholder_o_main.md' does not contain an anchor '#5920141'.
INFO    -  Doc file 'eplan/formgeneratorgui_k_auswertungsuebersicht.md' contains a link 'placeholder_o_main.md#3120132', but the doc 'eplan/placeholder_o_main.md' does not contain an anchor '#3120132'.
INFO    -  Doc file 'eplan/formgeneratorgui_k_auswertungsuebersicht.md' contains a link 'placeholder_o_main.md#2200117', but the doc 'eplan/placeholder_o_main.md' does not contain an anchor '#2200117'.
INFO    -  Doc file 'eplan/formgeneratorgui_k_auswertungsuebersicht.md' contains a link 'placeholder_o_main.md#3000117', but the doc 'eplan/placeholder_o_main.md' does not contain an anchor '#3000117'.
INFO    -  Doc file 'eplan/formgeneratorgui_k_auswertungsuebersicht.md' contains a link 'placeholder_o_main.md#3920141', but the doc 'eplan/placeholder_o_main.md' does not contain an anchor '#3920141'.
INFO    -  Doc file 'eplan/formgeneratorgui_k_auswertungsuebersicht.md' contains a link 'placeholder_o_main.md#4100117', but the doc 'eplan/placeholder_o_main.md' does not contain an anchor '#4100117'.
INFO    -  Doc file 'eplan/formgeneratorgui_k_auswertungsuebersicht.md' contains a link 'placeholder_o_main.md#5500117', but the doc 'eplan/placeholder_o_main.md' does not contain an anchor '#5500117'.
INFO    -  Doc file 'eplan/formgeneratorgui_k_auswertungsuebersicht.md' contains a link 'placeholder_o_main.md#4420085', but the doc 'eplan/placeholder_o_main.md' does not contain an anchor '#4420085'.
INFO    -  Doc file 'eplan/formgeneratorgui_k_auswertungsuebersicht.md' contains a link 'placeholder_o_main.md#1920031', but the doc 'eplan/placeholder_o_main.md' does not contain an anchor '#1920031'.
INFO    -  Doc file 'eplan/formgeneratorgui_k_auswertungsuebersicht.md' contains a link 'placeholder_o_main.md#420085', but the doc 'eplan/placeholder_o_main.md' does not contain an anchor '#420085'.
INFO    -  Doc file 'eplan/formgeneratorgui_k_auswertungsuebersicht.md' contains a link 'placeholder_o_main.md#3620141', but the doc 'eplan/placeholder_o_main.md' does not contain an anchor '#3620141'.
INFO    -  Doc file 'eplan/formgeneratorgui_k_auswertungsuebersicht.md' contains a link 'placeholder_o_main.md#3720082', but the doc 'eplan/placeholder_o_main.md' does not contain an anchor '#3720082'.
INFO    -  Doc file 'eplan/formgeneratorgui_k_auswertungsuebersicht.md' contains a link 'placeholder_o_main.md#4620085', but the doc 'eplan/placeholder_o_main.md' does not contain an anchor '#4620085'.
INFO    -  Doc file 'eplan/formgeneratorgui_k_auswertungsuebersicht.md' contains a link 'placeholder_o_main.md#4820141', but the doc 'eplan/placeholder_o_main.md' does not contain an anchor '#4820141'.
INFO    -  Doc file 'eplan/formgeneratorgui_k_auswertungsuebersicht.md' contains a link 'placeholder_o_main.md#5000117', but the doc 'eplan/placeholder_o_main.md' does not contain an anchor '#5000117'.
INFO    -  Doc file 'eplan/formgeneratorgui_k_auswertungsuebersicht.md' contains a link 'placeholder_o_main.md#5200117', but the doc 'eplan/placeholder_o_main.md' does not contain an anchor '#5200117'.
INFO    -  Doc file 'eplan/formgeneratorgui_k_auswertungsuebersicht.md' contains a link 'placeholder_o_main.md#6020141', but the doc 'eplan/placeholder_o_main.md' does not contain an anchor '#6020141'.
INFO    -  Doc file 'eplan/formgeneratorgui_k_auswertungsuebersicht.md' contains a link 'placeholder_o_main.md#6220141', but the doc 'eplan/placeholder_o_main.md' does not contain an anchor '#6220141'.
INFO    -  Doc file 'eplan/formgeneratorgui_k_funktionsbezogen.md' contains a link 'placeholder_o_main.md#1820141', but the doc 'eplan/placeholder_o_main.md' does not contain an anchor '#1820141'.
INFO    -  Doc file 'eplan/formgeneratorgui_k_funktionsbezogen.md' contains a link 'placeholder_o_main.md#1220000', but the doc 'eplan/placeholder_o_main.md' does not contain an anchor '#1220000'.
INFO    -  Doc file 'eplan/formgeneratorgui_k_funktionsbezogen.md' contains a link 'placeholder_o_main.md#2900190', but the doc 'eplan/placeholder_o_main.md' does not contain an anchor '#2900190'.
INFO    -  Doc file 'eplan/formgeneratorgui_k_funktionsbezogen.md' contains a link 'placeholder_o_main.md#5800190', but the doc 'eplan/placeholder_o_main.md' does not contain an anchor '#5800190'.
INFO    -  Doc file 'eplan/formgeneratorgui_k_funktionsbezogen.md' contains a link 'placeholder_o_main.md#2420029', but the doc 'eplan/placeholder_o_main.md' does not contain an anchor '#2420029'.
INFO    -  Doc file 'eplan/formgeneratorgui_k_funktionsbezogen.md' contains a link 'placeholder_o_main.md#5700117', but the doc 'eplan/placeholder_o_main.md' does not contain an anchor '#5700117'.
INFO    -  Doc file 'eplan/formgeneratorgui_k_funktionsbezogen.md' contains a link 'placeholder_o_main.md#1120085', but the doc 'eplan/placeholder_o_main.md' does not contain an anchor '#1120085'.
INFO    -  Doc file 'eplan/formgeneratorgui_k_funktionsbezogen.md' contains a link 'placeholder_o_main.md#920025', but the doc 'eplan/placeholder_o_main.md' does not contain an anchor '#920025'.
INFO    -  Doc file 'eplan/formgeneratorgui_k_funktionsbezogen.md' contains a link 'placeholder_o_main.md#2820025', but the doc 'eplan/placeholder_o_main.md' does not contain an anchor '#2820025'.
INFO    -  Doc file 'eplan/formgeneratorgui_k_funktionsbezogen.md' contains a link 'placeholder_o_main.md#4520031', but the doc 'eplan/placeholder_o_main.md' does not contain an anchor '#4520031'.
INFO    -  Doc file 'eplan/formgeneratorgui_k_funktionsbezogen.md' contains a link 'placeholder_o_main.md#4900117', but the doc 'eplan/placeholder_o_main.md' does not contain an anchor '#4900117'.
INFO    -  Doc file 'eplan/formgeneratorgui_k_funktionsbezogen.md' contains a link 'placeholder_o_main.md#5120072', but the doc 'eplan/placeholder_o_main.md' does not contain an anchor '#5120072'.
INFO    -  Doc file 'eplan/formgeneratorgui_k_funktionsbezogen.md' contains a link 'placeholder_o_main.md#5320072', but the doc 'eplan/placeholder_o_main.md' does not contain an anchor '#5320072'.
INFO    -  Doc file 'eplan/formgeneratorgui_k_funktionsbezogen.md' contains a link 'placeholder_o_main.md#2520025', but the doc 'eplan/placeholder_o_main.md' does not contain an anchor '#2520025'.
INFO    -  Doc file 'eplan/formgeneratorgui_k_funktionsbezogen.md' contains a link 'placeholder_o_main.md#2610005', but the doc 'eplan/placeholder_o_main.md' does not contain an anchor '#2610005'.
INFO    -  Doc file 'eplan/formgeneratorgui_k_funktionsbezogen.md' contains a link 'placeholder_o_main.md#1020025', but the doc 'eplan/placeholder_o_main.md' does not contain an anchor '#1020025'.
INFO    -  Doc file 'eplan/formgeneratorgui_k_funktionsbezogen.md' contains a link 'placeholder_o_main.md#2720025', but the doc 'eplan/placeholder_o_main.md' does not contain an anchor '#2720025'.
INFO    -  Doc file 'eplan/ftechnic_k_sps.md' contains a link 'prjmanagementgui_r_vererbung.md#BMKUebernahmeFluid', but the doc 'eplan/prjmanagementgui_r_vererbung.md' does not contain an anchor '#BMKUebernahmeFluid'.
INFO    -  Doc file 'eplan/ged3dmateeditorgui_r_anfasspunkt_logik.md' contains a link 'cabinetgui_d_platzieroptionen.md#ErweiterteAPLogik', but the doc 'eplan/cabinetgui_d_platzieroptionen.md' does not contain an anchor '#ErweiterteAPLogik'.
INFO    -  Doc file 'eplan/gededit3dgui_d_3dobjekteeinausblenden.md' contains a link 'modaldialogsdb_k_filter.md#I_Schnelleingabe', but the doc 'eplan/modaldialogsdb_k_filter.md' does not contain an anchor '#I_Schnelleingabe'.
INFO    -  Doc file 'eplan/gededit3dgui_r_ansicht2dbohransicht.md' contains a link 'properties_o_main.md#20440', but the doc 'eplan/properties_o_main.md' does not contain an anchor '#20440'.
INFO    -  Doc file 'eplan/gededit3dgui_r_ansicht2dbohransicht.md' contains a link 'properties_o_main.md#20441', but the doc 'eplan/properties_o_main.md' does not contain an anchor '#20441'.
INFO    -  Doc file 'eplan/gededit3dgui_r_ansicht2dbohransicht.md' contains a link 'properties_o_main.md#36502', but the doc 'eplan/properties_o_main.md' does not contain an anchor '#36502'.
INFO    -  Doc file 'eplan/gededitgui_r_format.md' contains a link 'devicetaggui_r_anzeigeeigenschaften.md#Blockzentriert', but the doc 'eplan/devicetaggui_r_anzeigeeigenschaften.md' does not contain an anchor '#Blockzentriert'.
INFO    -  Doc file 'eplan/gedviewer_d_einstellungenmakrosaktualisieren.md' contains a link 'macrosgui_h_makrokasten.md#I_MakroTauschen', but the doc 'eplan/macrosgui_h_makrokasten.md' does not contain an anchor '#I_MakroTauschen'.
INFO    -  Doc file 'eplan/harnessgui_d_navigator.md' contains a link 'modaldialogsdb_k_filter.md#I_Schnelleingabe', but the doc 'eplan/modaldialogsdb_k_filter.md' does not contain an anchor '#I_Schnelleingabe'.
INFO    -  Doc file 'eplan/insertergui_h_objekteeinfuegen.md' contains a link 'insertergui_d_einfuegezentrum.md#Navigationszeile', but the doc 'eplan/insertergui_d_einfuegezentrum.md' does not contain an anchor '#Navigationszeile'.
INFO    -  Doc file 'eplan/interruptionpointgui_d_projektdatenabbruchstellen.md' contains a link 'modaldialogsdb_k_filter.md#I_Schnelleingabe', but the doc 'eplan/modaldialogsdb_k_filter.md' does not contain an anchor '#I_Schnelleingabe'.
INFO    -  Doc file 'eplan/labelgui_d_eigenschaft.md' contains a link 'devicetaggui_r_anzeigeeigenschaften.md#AnzeigenIn', but the doc 'eplan/devicetaggui_r_anzeigeeigenschaften.md' does not contain an anchor '#AnzeigenIn'.
INFO    -  Doc file 'eplan/labelgui_r_datensatz.md' contains a link 'labelgui_k_formatelemente.md#Aktion', but the doc 'eplan/labelgui_k_formatelemente.md' does not contain an anchor '#Aktion'.
INFO    -  Doc file 'eplan/macrosgui_d_importabgleich.md' contains a link 'modaldialogsdb_k_filter.md#I_Schnelleingabe', but the doc 'eplan/modaldialogsdb_k_filter.md' does not contain an anchor '#I_Schnelleingabe'.
INFO    -  Doc file 'eplan/macrosgui_d_makronavigator.md' contains a link 'modaldialogsdb_k_filter.md#I_Schnelleingabe', but the doc 'eplan/modaldialogsdb_k_filter.md' does not contain an anchor '#I_Schnelleingabe'.
INFO    -  Doc file 'eplan/macrosgui_d_makronavigator.md' contains a link 'macrosgui_h_makrokasten.md#I_MakroTauschen', but the doc 'eplan/macrosgui_h_makrokasten.md' does not contain an anchor '#I_MakroTauschen'.
INFO    -  Doc file 'eplan/macrosgui_h_makrokasten.md' contains a link 'macrosgui_k_makrokaesten.md#I_Verwendungsart', but the doc 'eplan/macrosgui_k_makrokaesten.md' does not contain an anchor '#I_Verwendungsart'.
INFO    -  Doc file 'eplan/macrosgui_k_makrokaesten.md' contains a link 'gedviewer_d_einstellungenprojektallgemein.md#MakrokaestenMitEinfuegen', but the doc 'eplan/gedviewer_d_einstellungenprojektallgemein.md' does not contain an anchor '#MakrokaestenMitEinfuegen'.
INFO    -  Doc file 'eplan/macrosgui_k_makrokaesten.md' contains a link 'macrosgui_r_makrokasten.md#Verwendungsart', but the doc 'eplan/macrosgui_r_makrokasten.md' does not contain an anchor '#Verwendungsart'.
INFO    -  Doc file 'eplan/macrosgui_k_makronavigator.md' contains a link 'macrosgui_h_platzhalterobjekteerzeugen.md#BlockbearbeitungPlatzhalterobjekte', but the doc 'eplan/macrosgui_h_platzhalterobjekteerzeugen.md' does not contain an anchor '#BlockbearbeitungPlatzhalterobjekte'.
INFO    -  Doc file 'eplan/macrosgui_k_makroprojekte.md' contains a link 'devicelistgui_k_geraetegruppierung.md#I_GeraetegruppeErstellen', but the doc 'eplan/devicelistgui_k_geraetegruppierung.md' does not contain an anchor '#I_GeraetegruppeErstellen'.
INFO    -  Doc file 'eplan/macrosgui_k_standards.md' contains a link 'articlesgui_r_eigenschaften.md#DatenArtikel', but the doc 'eplan/articlesgui_r_eigenschaften.md' does not contain an anchor '#DatenArtikel'.
INFO    -  Doc file 'eplan/macrosgui_r_makrokasteneinstellungen.md' contains a link 'xessettingsgui_d_betriebsmittelallgemeinbenutzer.md#GeraetezuordnungMitAnschluessen', but the doc 'eplan/xessettingsgui_d_betriebsmittelallgemeinbenutzer.md' does not contain an anchor '#GeraetezuordnungMitAnschluessen'.
INFO    -  Doc file 'eplan/macrosgui_r_platzhaltereinstellungen.md' contains a link 'planninggui_k_prinzip.md#MakrosPlanungsobjekte', but the doc 'eplan/planninggui_k_prinzip.md' does not contain an anchor '#MakrosPlanungsobjekte'.
INFO    -  Doc file 'eplan/msgmanagementgui_h_konfigurieren.md' contains a link 'msgmanagementgui_k_prueflaufprinzip.md#I_OnlineOffline', but the doc 'eplan/msgmanagementgui_k_prueflaufprinzip.md' does not contain an anchor '#I_OnlineOffline'.
INFO    -  Doc file 'eplan/navigatorgui_d_navigator.md' contains a link 'modaldialogsdb_k_filter.md#I_Schnelleingabe', but the doc 'eplan/modaldialogsdb_k_filter.md' does not contain an anchor '#I_Schnelleingabe'.
INFO    -  Doc file 'eplan/ncgui_d_exportkiesling.md' contains a link 'ncgui_r_allgemeinexportkiesling.md#Werkstoffkenner', but the doc 'eplan/ncgui_r_allgemeinexportkiesling.md' does not contain an anchor '#Werkstoffkenner'.
INFO    -  Doc file 'eplan/ncgui_d_exportkieslinglc.md' contains a link 'ncgui_r_allgemeinexportkiesling.md#Werkstoffkenner', but the doc 'eplan/ncgui_r_allgemeinexportkiesling.md' does not contain an anchor '#Werkstoffkenner'.
INFO    -  Doc file 'eplan/ncgui_h_durchbruchlegendeanlegen.md' contains a link 'formgeneratorgui_d_auswertungen.md#Einstellungen', but the doc 'eplan/formgeneratorgui_d_auswertungen.md' does not contain an anchor '#Einstellungen'.
INFO    -  Doc file 'eplan/ncgui_k_prinzip.md' contains a link 'cabinetgui_d_navigator.md#Feldgroesse', but the doc 'eplan/cabinetgui_d_navigator.md' does not contain an anchor '#Feldgroesse'.
INFO    -  Doc file 'eplan/news_p_plattform_notes.md' contains a link 'gededitgui_r_format.md#Darstellung', but the doc 'eplan/gededitgui_r_format.md' does not contain an anchor '#Darstellung'.
INFO    -  Doc file 'eplan/numerationgui_k_format.md' contains a link 'xessettingsgui_d_betriebsmittelbmk.md#AllgemeineBMK', but the doc 'eplan/xessettingsgui_d_betriebsmittelbmk.md' does not contain an anchor '#AllgemeineBMK'.
INFO    -  Doc file 'eplan/pagebrowsergui_d_seitenuebersicht.md' contains a link 'modaldialogsdb_k_filter.md#I_Schnelleingabe', but the doc 'eplan/modaldialogsdb_k_filter.md' does not contain an anchor '#I_Schnelleingabe'.
INFO    -  Doc file 'eplan/panellayoutgui_d_schaltschrankaufbaupdd.md' contains a link 'modaldialogsdb_k_filter.md#I_Schnelleingabe', but the doc 'eplan/modaldialogsdb_k_filter.md' does not contain an anchor '#I_Schnelleingabe'.
INFO    -  Doc file 'eplan/partselectiongui_d_artikelauswahl.md' contains a link 'partselectiongui_d_datenauswahlbenutzer.md#AenderungWaehrendAuswahl', but the doc 'eplan/partselectiongui_d_datenauswahlbenutzer.md' does not contain an anchor '#AenderungWaehrendAuswahl'.
INFO    -  Doc file 'eplan/partselectiongui_d_datenauswahlbenutzer.md' contains a link 'partselectiongui_k_prinzip.md#I_AktualisierenGeraetedaten', but the doc 'eplan/partselectiongui_k_prinzip.md' does not contain an anchor '#I_AktualisierenGeraetedaten'.
INFO    -  Doc file 'eplan/partselectiongui_h_artikeldateneinlagern.md' contains a link 'partselectiongui_d_datenauswahlbenutzer.md#GeraetedatenAktualisieren', but the doc 'eplan/partselectiongui_d_datenauswahlbenutzer.md' does not contain an anchor '#GeraetedatenAktualisieren'.
INFO    -  Doc file 'eplan/partselectiongui_k_prinzip.md' contains a link 'partselectiongui_d_datenauswahlbenutzer.md#GeraetedatenAktualisieren', but the doc 'eplan/partselectiongui_d_datenauswahlbenutzer.md' does not contain an anchor '#GeraetedatenAktualisieren'.
INFO    -  Doc file 'eplan/partsimportexportedzgui_d_exporttoestock.md' contains a link 'partselectiongui_d_datenauswahlbenutzer.md#eStock', but the doc 'eplan/partselectiongui_d_datenauswahlbenutzer.md' does not contain an anchor '#eStock'.
INFO    -  Doc file 'eplan/partslistgui_d_artikelstueckliste.md' contains a link 'modaldialogsdb_k_filter.md#I_Schnelleingabe', but the doc 'eplan/modaldialogsdb_k_filter.md' does not contain an anchor '#I_Schnelleingabe'.
INFO    -  Doc file 'eplan/partslistgui_d_artikelstueckliste.md' contains a link 'partselectiongui_k_prinzip.md#I_AktualisierenGeraetedaten', but the doc 'eplan/partselectiongui_k_prinzip.md' does not contain an anchor '#I_AktualisierenGeraetedaten'.
INFO    -  Doc file 'eplan/partslistgui_d_paramartikelauswertung.md' contains a link 'harnessgui_k_verwaltungkabelbaum.md#Auswertungen', but the doc 'eplan/harnessgui_k_verwaltungkabelbaum.md' does not contain an anchor '#Auswertungen'.
INFO    -  Doc file 'eplan/pdfexportgui_d_kommentarenavigator.md' contains a link 'modaldialogsdb_k_filter.md#I_Schnelleingabe', but the doc 'eplan/modaldialogsdb_k_filter.md' does not contain an anchor '#I_Schnelleingabe'.
INFO    -  Doc file 'eplan/planninggui_d_einstellallgemein.md' contains a link 'planninggui_k_prinzip.md#I_AbweichendeStrukturkennz', but the doc 'eplan/planninggui_k_prinzip.md' does not contain an anchor '#I_AbweichendeStrukturkennz'.
INFO    -  Doc file 'eplan/planninggui_d_einstellpltstellen.md' contains a link 'planninggui_d_konfigsegmentdef.md#RegisterkarteVerfuegbarkeit', but the doc 'eplan/planninggui_d_konfigsegmentdef.md' does not contain an anchor '#RegisterkarteVerfuegbarkeit'.
INFO    -  Doc file 'eplan/planninggui_d_importabgleich.md' contains a link 'modaldialogsdb_k_filter.md#I_Schnelleingabe', but the doc 'eplan/modaldialogsdb_k_filter.md' does not contain an anchor '#I_Schnelleingabe'.
INFO    -  Doc file 'eplan/planninggui_d_navigator.md' contains a link 'modaldialogsdb_k_filter.md#I_Schnelleingabe', but the doc 'eplan/modaldialogsdb_k_filter.md' does not contain an anchor '#I_Schnelleingabe'.
INFO    -  Doc file 'eplan/planninggui_d_navigator.md' contains a link 'planninggui_d_konfigsegmentdef.md#RegisterkarteVerfuegbarkeit', but the doc 'eplan/planninggui_d_konfigsegmentdef.md' does not contain an anchor '#RegisterkarteVerfuegbarkeit'.
INFO    -  Doc file 'eplan/planninggui_d_strukturauswahl.md' contains a link 'planninggui_d_konfigsegmentdef.md#RegisterkarteVerfuegbarkeit', but the doc 'eplan/planninggui_d_konfigsegmentdef.md' does not contain an anchor '#RegisterkarteVerfuegbarkeit'.
INFO    -  Doc file 'eplan/planninggui_d_vorlagennavigator.md' contains a link 'modaldialogsdb_k_filter.md#I_Schnelleingabe', but the doc 'eplan/modaldialogsdb_k_filter.md' does not contain an anchor '#I_Schnelleingabe'.
INFO    -  Doc file 'eplan/planninggui_k_pltstellen.md' contains a link 'planninggui_d_konfigsegmentdef.md#RegisterkarteVerfuegbarkeit', but the doc 'eplan/planninggui_d_konfigsegmentdef.md' does not contain an anchor '#RegisterkarteVerfuegbarkeit'.
INFO    -  Doc file 'eplan/planninggui_r_makro.md' contains a link 'planninggui_r_planungsobjekt.md#Segmentvorlage', but the doc 'eplan/planninggui_r_planungsobjekt.md' does not contain an anchor '#Segmentvorlage'.
INFO    -  Doc file 'eplan/planninggui_r_messverbraucherstelle.md' contains a link 'planninggui_k_segmentvorlagen.md#GelberHintergrund', but the doc 'eplan/planninggui_k_segmentvorlagen.md' does not contain an anchor '#GelberHintergrund'.
INFO    -  Doc file 'eplan/planninggui_r_planungsobjekt.md' contains a link 'planninggui_k_segmentvorlagen.md#GelberHintergrund', but the doc 'eplan/planninggui_k_segmentvorlagen.md' does not contain an anchor '#GelberHintergrund'.
INFO    -  Doc file 'eplan/planninggui_r_rohrleitungsobjekt.md' contains a link 'planninggui_k_segmentvorlagen.md#GelberHintergrund', but the doc 'eplan/planninggui_k_segmentvorlagen.md' does not contain an anchor '#GelberHintergrund'.
INFO    -  Doc file 'eplan/planninggui_r_struktursegment.md' contains a link 'planninggui_k_segmentvorlagen.md#GelberHintergrund', but the doc 'eplan/planninggui_k_segmentvorlagen.md' does not contain an anchor '#GelberHintergrund'.
INFO    -  Doc file 'eplan/planningri_k_rdp.md' contains a link 'planningri_h_rohrleitungmarkieren.md#Tipps', but the doc 'eplan/planningri_h_rohrleitungmarkieren.md' does not contain an anchor '#Tipps'.
INFO    -  Doc file 'eplan/plcgui_d_allgemeinespseinstellungen.md' contains a link 'plcgui_k_symbolischeadressen.md#I_AutomatischeVergabe', but the doc 'eplan/plcgui_k_symbolischeadressen.md' does not contain an anchor '#I_AutomatischeVergabe'.
INFO    -  Doc file 'eplan/plcgui_d_allgemeinespseinstellungen.md' contains a link 'numerationgui_d_einstellnummerierung.md#AktKennbuchstabensatz', but the doc 'eplan/numerationgui_d_einstellnummerierung.md' does not contain an anchor '#AktKennbuchstabensatz'.
INFO    -  Doc file 'eplan/plcgui_d_anschlblockweiseabbuchenauswahl.md' contains a link 'modaldialogsdb_k_filter.md#I_Schnelleingabe', but the doc 'eplan/modaldialogsdb_k_filter.md' does not contain an anchor '#I_Schnelleingabe'.
INFO    -  Doc file 'eplan/plcgui_d_anschluesseneuadressieren.md' contains a link 'plcprocessorgui_k_adressformate.md#I_Konfigurationswert', but the doc 'eplan/plcprocessorgui_k_adressformate.md' does not contain an anchor '#I_Konfigurationswert'.
INFO    -  Doc file 'eplan/plcgui_d_exportadressraumbelegung.md' contains a link 'devicetaggui_r_spskarte.md#Eigenschaften', but the doc 'eplan/devicetaggui_r_spskarte.md' does not contain an anchor '#Eigenschaften'.
INFO    -  Doc file 'eplan/plcgui_d_exportzuli.md' contains a link 'plcgui_k_zuordnungslisten.md#I_MehrsprachigeFunktionstexte', but the doc 'eplan/plcgui_k_zuordnungslisten.md' does not contain an anchor '#I_MehrsprachigeFunktionstexte'.
INFO    -  Doc file 'eplan/plcgui_d_importzuli.md' contains a link 'plcgui_k_zuordnungslisten.md#I_MehrsprachigeFunktionstexte', but the doc 'eplan/plcgui_k_zuordnungslisten.md' does not contain an anchor '#I_MehrsprachigeFunktionstexte'.
INFO    -  Doc file 'eplan/plcgui_d_optionsaml.md' contains a link 'plcgui_k_spsanschluesse.md#I_Netzwerkanschluesse', but the doc 'eplan/plcgui_k_spsanschluesse.md' does not contain an anchor '#I_Netzwerkanschluesse'.
INFO    -  Doc file 'eplan/plcgui_d_spsdaten.md' contains a link 'modaldialogsdb_k_filter.md#I_Schnelleingabe', but the doc 'eplan/modaldialogsdb_k_filter.md' does not contain an anchor '#I_Schnelleingabe'.
INFO    -  Doc file 'eplan/plcgui_h_exportzuli.md' contains a link 'devicetaggui_r_spsstruktur.md#CPU', but the doc 'eplan/devicetaggui_r_spsstruktur.md' does not contain an anchor '#CPU'.
INFO    -  Doc file 'eplan/plcgui_k_adressierung.md' contains a link 'eservicesgui_d_formatzaehler.md#Konfigurationswert', but the doc 'eplan/eservicesgui_d_formatzaehler.md' does not contain an anchor '#Konfigurationswert'.
INFO    -  Doc file 'eplan/plcgui_k_amlbusdatenaustausch.md' contains a link 'plcgui_k_spsanschluesse.md#I_EinstellbareSpsAnschluesse', but the doc 'eplan/plcgui_k_spsanschluesse.md' does not contain an anchor '#I_EinstellbareSpsAnschluesse'.
INFO    -  Doc file 'eplan/plcgui_k_austauschbuskonfig.md' contains a link 'plcgui_k_spsanschluesse.md#I_Netzwerkanschluesse', but the doc 'eplan/plcgui_k_spsanschluesse.md' does not contain an anchor '#I_Netzwerkanschluesse'.
INFO    -  Doc file 'eplan/plcgui_k_austauschbuskonfig.md' contains a link 'plcgui_k_importbuskonfig.md#I_Artikelzuordnung', but the doc 'eplan/plcgui_k_importbuskonfig.md' does not contain an anchor '#I_Artikelzuordnung'.
INFO    -  Doc file 'eplan/plcgui_k_exportbuskonfig.md' contains a link 'plcgui_k_austauschbuskonfig.md#I_Geraeteidentifizierung', but the doc 'eplan/plcgui_k_austauschbuskonfig.md' does not contain an anchor '#I_Geraeteidentifizierung'.
INFO    -  Doc file 'eplan/plcgui_k_importbuskonfig.md' contains a link 'plcgui_k_austauschbuskonfig.md#I_GSDDatei', but the doc 'eplan/plcgui_k_austauschbuskonfig.md' does not contain an anchor '#I_GSDDatei'.
INFO    -  Doc file 'eplan/plcgui_k_importbuskonfig.md' contains a link 'plcgui_k_spsanschluesse.md#I_Netzwerkanschluesse', but the doc 'eplan/plcgui_k_spsanschluesse.md' does not contain an anchor '#I_Netzwerkanschluesse'.
INFO    -  Doc file 'eplan/plcgui_k_untergeraete.md' contains a link 'plcgui_k_austauschbuskonfig.md#I_Geraeteidentifizierung', but the doc 'eplan/plcgui_k_austauschbuskonfig.md' does not contain an anchor '#I_Geraeteidentifizierung'.
INFO    -  Doc file 'eplan/plcgui_k_untergeraete.md' contains a link 'plcgui_k_importbuskonfig.md#I_Artikelzuordnung', but the doc 'eplan/plcgui_k_importbuskonfig.md' does not contain an anchor '#I_Artikelzuordnung'.
INFO    -  Doc file 'eplan/plcgui_k_zuordnungslisten.md' contains a link 'plcgui_k_prinzip.md#I_VollstaendigerCPUName', but the doc 'eplan/plcgui_k_prinzip.md' does not contain an anchor '#I_VollstaendigerCPUName'.
INFO    -  Doc file 'eplan/plcgui_k_zuordnungslisten.md' contains a link 'devicetaggui_r_spsstruktur.md#CPU', but the doc 'eplan/devicetaggui_r_spsstruktur.md' does not contain an anchor '#CPU'.
INFO    -  Doc file 'eplan/plcgui_k_zuordnungslisten.md' contains a link 'translategui_r_einstellungprojekt.md#Anzeigesprachen', but the doc 'eplan/translategui_r_einstellungprojekt.md' does not contain an anchor '#Anzeigesprachen'.
INFO    -  Doc file 'eplan/plcprocessorgui_d_formatspsadresse.md' contains a link 'plcgui_k_zuordnungslisten.md#I_MehrteiligeFunktionstexte', but the doc 'eplan/plcgui_k_zuordnungslisten.md' does not contain an anchor '#I_MehrteiligeFunktionstexte'.
INFO    -  Doc file 'eplan/plugsgui_d_steckernavigator.md' contains a link 'modaldialogsdb_k_filter.md#I_Schnelleingabe', but the doc 'eplan/modaldialogsdb_k_filter.md' does not contain an anchor '#I_Schnelleingabe'.
INFO    -  Doc file 'eplan/potentialbrowsergui_d_potenziale.md' contains a link 'modaldialogsdb_k_filter.md#I_Schnelleingabe', but the doc 'eplan/modaldialogsdb_k_filter.md' does not contain an anchor '#I_Schnelleingabe'.
INFO    -  Doc file 'eplan/potentialbrowsergui_d_rohrleitungen.md' contains a link 'modaldialogsdb_k_filter.md#I_Schnelleingabe', but the doc 'eplan/modaldialogsdb_k_filter.md' does not contain an anchor '#I_Schnelleingabe'.
INFO    -  Doc file 'eplan/prjmanagementgui_d_projektinfoausgeben.md' contains a link 'prjmanagementgui_h_projekteigenschaftenanzeigen.md#I_ProjektinformationenAnzeigen', but the doc 'eplan/prjmanagementgui_h_projekteigenschaftenanzeigen.md' does not contain an anchor '#I_ProjektinformationenAnzeigen'.
INFO    -  Doc file 'eplan/prjmanagementgui_d_projektverwaltung.md' contains a link 'modaldialogsdb_k_filter.md#I_Schnelleingabe', but the doc 'eplan/modaldialogsdb_k_filter.md' does not contain an anchor '#I_Schnelleingabe'.
INFO    -  Doc file 'eplan/prjmanagementgui_h_projektanlegen.md' contains a link 'projects_k_basisprojekteerweitert.md#Beispielvorlagen', but the doc 'eplan/projects_k_basisprojekteerweitert.md' does not contain an anchor '#Beispielvorlagen'.
INFO    -  Doc file 'eplan/prjmanagementgui_h_projekteigenschaftenloeschen.md' contains a link 'prjmanagementgui_h_projekteigenschaftenanzeigen.md#I_ProjektinformationenAnzeigen', but the doc 'eplan/prjmanagementgui_h_projekteigenschaftenanzeigen.md' does not contain an anchor '#I_ProjektinformationenAnzeigen'.
INFO    -  Doc file 'eplan/prjmanagementgui_h_projektumbenennen.md' contains a link 'prjmanagementgui_h_projekteigenschaftenanzeigen.md#I_ProjektinformationenAnzeigen', but the doc 'eplan/prjmanagementgui_h_projekteigenschaftenanzeigen.md' does not contain an anchor '#I_ProjektinformationenAnzeigen'.
INFO    -  Doc file 'eplan/prjmanagementgui_r_eigenschaften.md' contains a link 'prjmanagementgui_h_projektoeffnen.md#I_ProjektOeffnen', but the doc 'eplan/prjmanagementgui_h_projektoeffnen.md' does not contain an anchor '#I_ProjektOeffnen'.
INFO    -  Doc file 'eplan/projectcleangui_d_komprimierungseinstellungen.md' contains a link 'projectcleangui_k_komprimierungsdaten.md#I_ProjektdatenEntfernen', but the doc 'eplan/projectcleangui_k_komprimierungsdaten.md' does not contain an anchor '#I_ProjektdatenEntfernen'.
INFO    -  Doc file 'eplan/projectcleangui_d_komprimierungseinstellungen.md' contains a link 'projectcleangui_k_komprimierungsdaten.md#I_BetriebsmittelUeberarbeiten', but the doc 'eplan/projectcleangui_k_komprimierungsdaten.md' does not contain an anchor '#I_BetriebsmittelUeberarbeiten'.
INFO    -  Doc file 'eplan/projectcleangui_d_komprimierungseinstellungen.md' contains a link 'projectcleangui_k_komprimierungsdaten.md#I_NichtPlatzFunktionenEntfernen', but the doc 'eplan/projectcleangui_k_komprimierungsdaten.md' does not contain an anchor '#I_NichtPlatzFunktionenEntfernen'.
INFO    -  Doc file 'eplan/projectcleangui_d_komprimierungseinstellungen.md' contains a link 'projectcleangui_k_komprimierungsdaten.md#I_NichtPlatzVerbindEntfernen', but the doc 'eplan/projectcleangui_k_komprimierungsdaten.md' does not contain an anchor '#I_NichtPlatzVerbindEntfernen'.
INFO    -  Doc file 'eplan/projectcleangui_d_komprimierungseinstellungen.md' contains a link 'projectcleangui_k_komprimierungsdaten.md#I_PlatzFunktionenEntfernen', but the doc 'eplan/projectcleangui_k_komprimierungsdaten.md' does not contain an anchor '#I_PlatzFunktionenEntfernen'.
INFO    -  Doc file 'eplan/projectcleangui_d_komprimierungseinstellungen.md' contains a link 'projectcleangui_k_komprimierungsdaten.md#I_DatenbankNeuAufbauen', but the doc 'eplan/projectcleangui_k_komprimierungsdaten.md' does not contain an anchor '#I_DatenbankNeuAufbauen'.
INFO    -  Doc file 'eplan/projectcleangui_d_komprimierungseinstellungen.md' contains a link 'projectcleangui_k_komprimierungsdaten.md#I_VollstNichtPlatzDT', but the doc 'eplan/projectcleangui_k_komprimierungsdaten.md' does not contain an anchor '#I_VollstNichtPlatzDT'.
INFO    -  Doc file 'eplan/projectcleangui_d_komprimierungseinstellungen.md' contains a link 'projectcleangui_k_komprimierungsdaten.md#I_NichtPlatzFunktionenOhneHauptfkt', but the doc 'eplan/projectcleangui_k_komprimierungsdaten.md' does not contain an anchor '#I_NichtPlatzFunktionenOhneHauptfkt'.
INFO    -  Doc file 'eplan/projectcleangui_d_komprimierungseinstellungen.md' contains a link 'projectcleangui_k_komprimierungsdaten.md#I_Kommentare', but the doc 'eplan/projectcleangui_k_komprimierungsdaten.md' does not contain an anchor '#I_Kommentare'.
INFO    -  Doc file 'eplan/projectcleangui_d_komprimierungseinstellungen.md' contains a link 'projectcleangui_k_komprimierungsdaten.md#I_NDPs', but the doc 'eplan/projectcleangui_k_komprimierungsdaten.md' does not contain an anchor '#I_NDPs'.
INFO    -  Doc file 'eplan/projectcleangui_d_komprimierungseinstellungen.md' contains a link 'projectcleangui_k_komprimierungsdaten.md#I_Revision', but the doc 'eplan/projectcleangui_k_komprimierungsdaten.md' does not contain an anchor '#I_Revision'.
INFO    -  Doc file 'eplan/projectcleangui_d_komprimierungseinstellungen.md' contains a link 'projectcleangui_k_komprimierungsdaten.md#I_3DDaten', but the doc 'eplan/projectcleangui_k_komprimierungsdaten.md' does not contain an anchor '#I_3DDaten'.
INFO    -  Doc file 'eplan/projectcleangui_d_komprimierungseinstellungen.md' contains a link 'projectcleangui_k_komprimierungsdaten.md#I_Schutz', but the doc 'eplan/projectcleangui_k_komprimierungsdaten.md' does not contain an anchor '#I_Schutz'.
INFO    -  Doc file 'eplan/projectoptionsgui_d_optionsnavigator.md' contains a link 'modaldialogsdb_k_filter.md#I_Schnelleingabe', but the doc 'eplan/modaldialogsdb_k_filter.md' does not contain an anchor '#I_Schnelleingabe'.
INFO    -  Doc file 'eplan/projectoptionsgui_d_platzhalternavigator.md' contains a link 'modaldialogsdb_k_filter.md#I_Schnelleingabe', but the doc 'eplan/modaldialogsdb_k_filter.md' does not contain an anchor '#I_Schnelleingabe'.
INFO    -  Doc file 'eplan/projects_h_projekteerstellen.md' contains a link 'projects_k_basisprojekteerweitert.md#Beispielvorlagen', but the doc 'eplan/projects_k_basisprojekteerweitert.md' does not contain an anchor '#Beispielvorlagen'.
INFO    -  Doc file 'eplan/projects_k_bearbeitungsmodusbeimoeffnen.md' contains a link 'settingsmastergui_d_oberflaecheneinstellungen.md#FarbeinstellungenReadOnlyProjekte', but the doc 'eplan/settingsmastergui_d_oberflaecheneinstellungen.md' does not contain an anchor '#FarbeinstellungenReadOnlyProjekte'.
INFO    -  Doc file 'eplan/projectstructure_h_frhierarchienerstellen.md' contains a link 'projectstructure_k_hinterg.md#Seitenstruktur', but the doc 'eplan/projectstructure_k_hinterg.md' does not contain an anchor '#Seitenstruktur'.
INFO    -  Doc file 'eplan/projectstructure_h_prjstrukturdefinieren.md' contains a link 'projectstructure_k_hinterg.md#Seitenstruktur', but the doc 'eplan/projectstructure_k_hinterg.md' does not contain an anchor '#Seitenstruktur'.
INFO    -  Doc file 'eplan/propanelmasterdata_h_bohrbildausncdaten.md' contains a link 'articlesgui_r_eigenschaften.md#DatenBohrbild', but the doc 'eplan/articlesgui_r_eigenschaften.md' does not contain an anchor '#DatenBohrbild'.
INFO    -  Doc file 'eplan/pxfinterface_k_arbeitsweise.md' contains a link 'macrosgui_d_pxfeinstellungenexport.md#Objekttyp', but the doc 'eplan/macrosgui_d_pxfeinstellungenexport.md' does not contain an anchor '#Objekttyp'.
INFO    -  Doc file 'eplan/routinggui_h_autobuendeln.md' contains a link 'routinggui_d_autobuendeln.md#Startwert', but the doc 'eplan/routinggui_d_autobuendeln.md' does not contain an anchor '#Startwert'.
INFO    -  Doc file 'eplan/terminalgui_d_klemmennavigator.md' contains a link 'modaldialogsdb_k_filter.md#I_Schnelleingabe', but the doc 'eplan/modaldialogsdb_k_filter.md' does not contain an anchor '#I_Schnelleingabe'.
INFO    -  Doc file 'eplan/terminalgui_k_hauptklemmen.md' contains a link 'terminalgui_k_verwaltung.md#Klemmeng', but the doc 'eplan/terminalgui_k_verwaltung.md' does not contain an anchor '#Klemmeng'.
INFO    -  Doc file 'eplan/terminalgui_k_mehrstockklemmen.md' contains a link 'terminalgui_k_verwaltung.md#Klemmeng', but the doc 'eplan/terminalgui_k_verwaltung.md' does not contain an anchor '#Klemmeng'.
INFO    -  Doc file 'eplan/translatedbgui_h_projekttexteimportieren.md' contains a link 'translatedbgui_k_zahlen.md#ImportProjekttext', but the doc 'eplan/translatedbgui_k_zahlen.md' does not contain an anchor '#ImportProjekttext'.
INFO    -  Doc file 'eplan/translatedbgui_k_eingabemoeglichkeit.md' contains a link 'translategui_r_einstellungbenutzer.md#Satzendezeichen', but the doc 'eplan/translategui_r_einstellungbenutzer.md' does not contain an anchor '#Satzendezeichen'.
INFO    -  Doc file 'eplan/translatedbgui_k_eingabemoeglichkeit.md' contains a link 'translategui_r_einstellungprojekt.md#NurGanzeSaetzeUebersetzen', but the doc 'eplan/translategui_r_einstellungprojekt.md' does not contain an anchor '#NurGanzeSaetzeUebersetzen'.
INFO    -  Doc file 'eplan/translatedbgui_k_eingabemoeglichkeit.md' contains a link 'modaldialogs_r_einstellungprojekt.md#Segment', but the doc 'eplan/modaldialogs_r_einstellungprojekt.md' does not contain an anchor '#Segment'.
INFO    -  Doc file 'eplan/translatedbgui_k_ueberblickzeichen.md' contains a link 'translatedbgui_k_eingabemoeglichkeit.md#Platzhalter', but the doc 'eplan/translatedbgui_k_eingabemoeglichkeit.md' does not contain an anchor '#Platzhalter'.
INFO    -  Doc file 'eplan/translatedbgui_k_ueberblickzeichen.md' contains a link 'translatedbgui_k_eingabemoeglichkeit.md#Satzendezeichen', but the doc 'eplan/translatedbgui_k_eingabemoeglichkeit.md' does not contain an anchor '#Satzendezeichen'.
INFO    -  Doc file 'eplan/translatedbgui_k_zahlen.md' contains a link 'translatedbgui_k_eingabemoeglichkeit.md#Platzhalter', but the doc 'eplan/translatedbgui_k_eingabemoeglichkeit.md' does not contain an anchor '#Platzhalter'.
INFO    -  Doc file 'eplan/translatedbgui_r_verwaltung.md' contains a link 'translatedbgui_h_woerterbuchanlegen.md#I_WbSpracheHinzufuegen', but the doc 'eplan/translatedbgui_h_woerterbuchanlegen.md' does not contain an anchor '#I_WbSpracheHinzufuegen'.
INFO    -  Doc file 'eplan/translategui_d_testeingabe.md' contains a link 'translategui_r_einstellungprojekt.md#Uebersetzungssprachen', but the doc 'eplan/translategui_r_einstellungprojekt.md' does not contain an anchor '#Uebersetzungssprachen'.
INFO    -  Doc file 'eplan/translategui_d_testeingabe.md' contains a link 'translategui_r_einstellungbenutzer.md#Woerterbuch', but the doc 'eplan/translategui_r_einstellungbenutzer.md' does not contain an anchor '#Woerterbuch'.
INFO    -  Doc file 'eplan/translategui_d_testeingabe.md' contains a link 'translategui_r_einstellungbenutzer.md#Woerterbuchsprachen', but the doc 'eplan/translategui_r_einstellungbenutzer.md' does not contain an anchor '#Woerterbuchsprachen'.
INFO    -  Doc file 'eplan/uradministration_d_benutzer.md' contains a link 'uradministration_d_rechte.md#I_IconsBenutzer', but the doc 'eplan/uradministration_d_rechte.md' does not contain an anchor '#I_IconsBenutzer'.
INFO    -  Doc file 'eplan/userdefproperties_h_eigenschafterstellen.md' contains a link 'eservicesgui_d_konfigeigenschaften.md#Name', but the doc 'eplan/eservicesgui_d_konfigeigenschaften.md' does not contain an anchor '#Name'.
INFO    -  Doc file 'eplan/userinterface_h_bedienelementeandocken.md' contains a link 'userinterface_k_dialoge.md#I_Andockelemente', but the doc 'eplan/userinterface_k_dialoge.md' does not contain an anchor '#I_Andockelemente'.
INFO    -  Doc file 'eplan/userinterface_h_benutzerdefeigenschaftskonfigurationen.md' contains a link 'devicetaggui_h_bmeigenschaftenbearbeiten.md#Eigenschaftskonfiguration', but the doc 'eplan/devicetaggui_h_bmeigenschaftenbearbeiten.md' does not contain an anchor '#Eigenschaftskonfiguration'.
INFO    -  Doc file 'eplan/userinterface_k_eigenschaftenuebersicht.md' contains a link 'multipleselection_k_prinzip.md#I_BlockbearbSchaltzeichen', but the doc 'eplan/multipleselection_k_prinzip.md' does not contain an anchor '#I_BlockbearbSchaltzeichen'.
INFO    -  Doc file 'eplan/xdesignspaceimportgui_h_konstraumexportieren.md' contains a link 'xdesignspaceimportgui_k_prinzip.md#CADAddIn', but the doc 'eplan/xdesignspaceimportgui_k_prinzip.md' does not contain an anchor '#CADAddIn'.
INFO    -  Doc file 'eplan/xessettingsgui_d_betriebsmittelallgemeinbenutzer.md' contains a link 'terminalgui_k_verwendungbruecken.md#I_ManuelleStegbruecken', but the doc 'eplan/terminalgui_k_verwendungbruecken.md' does not contain an anchor '#I_ManuelleStegbruecken'.
INFO    -  Doc file 'eplan/xfctdefbrowsergui_d_anschlusslogik.md' contains a link 'plcgui_k_symbolischeadressen.md#I_AutomatischeVergabe', but the doc 'eplan/plcgui_k_symbolischeadressen.md' does not contain an anchor '#I_AutomatischeVergabe'.
INFO    -  Doc file 'eplan/xfctdefbrowsergui_d_anschlusslogik.md' contains a link 'cablegui_k_prinzip.md#I_SeitenorientierteErmittlungQuelleZiel', but the doc 'eplan/cablegui_k_prinzip.md' does not contain an anchor '#I_SeitenorientierteErmittlungQuelleZiel'.
INFO    -  Doc file 'eplan/xmasterdatasettingsgui_d_einstellungenstammdatenallg.md' contains a link 'articlesgui_r_eigenschaften.md#DatenArtikel', but the doc 'eplan/articlesgui_r_eigenschaften.md' does not contain an anchor '#DatenArtikel'.
INFO    -  Doc file 'eplan/xmlexport_k_start.md' contains a link 'xmlexport_o_tags.md#partsmanagement', but the doc 'eplan/xmlexport_o_tags.md' does not contain an anchor '#partsmanagement'.
INFO    -  Doc file 'eplan/xmlexport_k_start.md' contains a link 'xmlexport_o_tags.md#part', but the doc 'eplan/xmlexport_o_tags.md' does not contain an anchor '#part'.
INFO    -  Doc file 'eplan/xmlexport_k_start.md' contains a link 'xmlexport_o_tags.md#variant', but the doc 'eplan/xmlexport_o_tags.md' does not contain an anchor '#variant'.
INFO    -  Doc file 'eplan/xmlexport_k_start.md' contains a link 'xmlexport_o_tags.md#variantx', but the doc 'eplan/xmlexport_o_tags.md' does not contain an anchor '#variantx'.
INFO    -  Doc file 'eplan/xmlexport_k_start.md' contains a link 'xmlexport_o_tags.md#functiontemplate', but the doc 'eplan/xmlexport_o_tags.md' does not contain an anchor '#functiontemplate'.
INFO    -  Doc file 'eplan/xmlexport_k_start.md' contains a link 'xmlexport_o_tags.md#freeproperty', but the doc 'eplan/xmlexport_o_tags.md' does not contain an anchor '#freeproperty'.
INFO    -  Doc file 'eplan/xmlexport_k_start.md' contains a link 'xmlexport_o_tags.md#blockingSurfacePosition', but the doc 'eplan/xmlexport_o_tags.md' does not contain an anchor '#blockingSurfacePosition'.
INFO    -  Doc file 'eplan/xmlexport_k_start.md' contains a link 'xmlexport_o_tags.md#doorPosition', but the doc 'eplan/xmlexport_o_tags.md' does not contain an anchor '#doorPosition'.
INFO    -  Doc file 'eplan/xmlexport_k_start.md' contains a link 'xmlexport_o_tags.md#mountingPanelPosition', but the doc 'eplan/xmlexport_o_tags.md' does not contain an anchor '#mountingPanelPosition'.
INFO    -  Doc file 'eplan/xmlexport_k_start.md' contains a link 'xmlexport_o_tags.md#supportBarPosition', but the doc 'eplan/xmlexport_o_tags.md' does not contain an anchor '#supportBarPosition'.
INFO    -  Doc file 'eplan/xmlexport_k_start.md' contains a link 'xmlexport_o_tags.md#assemblyposition', but the doc 'eplan/xmlexport_o_tags.md' does not contain an anchor '#assemblyposition'.
INFO    -  Doc file 'eplan/xmlexport_k_start.md' contains a link 'xmlexport_o_tags.md#moduleposition', but the doc 'eplan/xmlexport_o_tags.md' does not contain an anchor '#moduleposition'.
INFO    -  Doc file 'eplan/xmlexport_k_start.md' contains a link 'xmlexport_o_tags.md#attributeposition', but the doc 'eplan/xmlexport_o_tags.md' does not contain an anchor '#attributeposition'.
INFO    -  Doc file 'eplan/xmlexport_k_start.md' contains a link 'xmlexport_o_tags.md#accessoryposition', but the doc 'eplan/xmlexport_o_tags.md' does not contain an anchor '#accessoryposition'.
INFO    -  Doc file 'eplan/xmlexport_k_start.md' contains a link 'xmlexport_o_tags.md#accessorylist', but the doc 'eplan/xmlexport_o_tags.md' does not contain an anchor '#accessorylist'.
INFO    -  Doc file 'eplan/xmlexport_k_start.md' contains a link 'xmlexport_o_tags.md#accessorylistposition', but the doc 'eplan/xmlexport_o_tags.md' does not contain an anchor '#accessorylistposition'.
INFO    -  Doc file 'eplan/xmlexport_k_start.md' contains a link 'xmlexport_o_tags.md#construction', but the doc 'eplan/xmlexport_o_tags.md' does not contain an anchor '#construction'.
INFO    -  Doc file 'eplan/xmlexport_k_start.md' contains a link 'xmlexport_o_tags.md#drillingPosition', but the doc 'eplan/xmlexport_o_tags.md' does not contain an anchor '#drillingPosition'.
INFO    -  Doc file 'eplan/xmlexport_k_start.md' contains a link 'xmlexport_o_tags.md#terminal', but the doc 'eplan/xmlexport_o_tags.md' does not contain an anchor '#terminal'.
INFO    -  Doc file 'eplan/xmlexport_k_start.md' contains a link 'xmlexport_o_tags.md#terminalPosition', but the doc 'eplan/xmlexport_o_tags.md' does not contain an anchor '#terminalPosition'.
INFO    -  Doc file 'eplan/xmlexport_k_start.md' contains a link 'xmlexport_o_tags.md#safetyRelatedValuePosition', but the doc 'eplan/xmlexport_o_tags.md' does not contain an anchor '#safetyRelatedValuePosition'.
INFO    -  Doc file 'eplan/xmlexport_k_start.md' contains a link 'xmlexport_o_tags.md#address', but the doc 'eplan/xmlexport_o_tags.md' does not contain an anchor '#address'.
INFO    -  Doc file 'eplan/xmlexport_o_tags.md' contains a link 'xmlexport_o_productgroups.md#P_ARTICLE_PRODUCTGROUP', but the doc 'eplan/xmlexport_o_productgroups.md' does not contain an anchor '#P_ARTICLE_PRODUCTGROUP'.
INFO    -  Doc file 'eplan/xmlexport_o_tags.md' contains a link 'xmlexport_o_productgroups.md#P_ARTICLE_PRODUCTTOPGROUP', but the doc 'eplan/xmlexport_o_productgroups.md' does not contain an anchor '#P_ARTICLE_PRODUCTTOPGROUP'.
INFO    -  Doc file 'eplan/xmlexport_o_tags.md' contains a link 'xmlexport_o_productgroups.md#P_ARTICLE_PRODUCTSUBGROUP', but the doc 'eplan/xmlexport_o_productgroups.md' does not contain an anchor '#P_ARTICLE_PRODUCTSUBGROUP'.
INFO    -  Doc file 'eplan/xmlexport_o_tags.md' contains a link 'xmlexport_o_sellists.md#characteristics', but the doc 'eplan/xmlexport_o_sellists.md' does not contain an anchor '#characteristics'.
INFO    -  Documentation built in 135.47 seconds
INFO    -  [08:25:36] Serving on http://127.0.0.1:8000/eplan-2026-docs-ru/
INFO    -  Shutting down...
